23;646;2;-1
24;961;19;-1
25;171;134;-1
25;208;93;-1
25;388;28;-1
25;446;138;-1
25;459;67;-1
25;475;94;-1
26;667;120;-1
25;871;57;-1
27;72;278;-1
26;167;54;-1
26;230;29;-1
26;301;68;-1
26;307;212;-1
26;465;80;-1
26;565;58;-1
26;587;236;-1
26;606;116;-1
27;678;317;-1
26;679;299;-1
27;682;105;-1
26;692;118;-1
26;720;179;-1
26;722;112;-1
26;758;34;-1
26;765;193;-1
26;796;286;-1
26;809;284;-1
28;834;141;-1
26;843;235;-1
26;883;132;-1
26;892;122;-1
26;948;39;-1
27;961;224;-1
27;31;166;-1
27;35;342;-1
27;39;28;-1
27;64;116;-1
27;105;158;-1
27;106;341;-1
27;115;135;-1
27;117;69;-1
28;126;136;-1
27;134;137;-1
27;136;76;-1
27;160;53;-1
27;169;432;-1
27;187;106;-1
27;244;3;-1
27;264;203;-1
27;294;76;-1
27;318;83;-1
27;358;12;-1
28;364;8;-1
27;366;241;-1
27;387;229;-1
27;392;175;-1
27;405;82;-1
28;414;70;-1
27;423;281;-1
27;466;123;-1
27;471;205;-1
27;472;154;-1
27;522;0;-1
27;555;162;-1
27;575;322;-1
27;579;300;-1
27;584;139;-1
27;587;4;-1
27;603;183;-1
27;615;268;-1
27;620;231;-1
27;656;317;-1
27;670;180;-1
27;674;194;-1
27;684;635;-1
27;687;190;-1
27;718;266;-1
27;727;66;-1
27;733;351;-1
28;778;184;-1
27;837;57;-1
27;841;153;-1
27;842;36;-1
27;870;211;-1
27;924;151;-1
27;953;166;-1
27;957;187;-1
27;965;271;-1
27;979;178;-1
27;994;343;-1
27;997;57;-1
28;2;112;-1
28;2;363;-1
28;7;11;-1
28;11;58;-1
28;24;168;-1
28;27;508;-1
28;28;488;-1
28;32;9;-1
28;41;344;-1
28;50;705;-1
28;52;381;-1
28;54;721;-1
28;58;185;-1
28;62;262;-1
28;63;332;-1
28;92;367;-1
28;93;96;-1
28;100;117;-1
28;117;117;-1
29;140;166;-1
28;145;368;-1
28;155;303;-1
28;171;135;-1
29;173;494;-1
28;207;38;-1
28;259;250;-1
28;273;20;-1
28;279;269;-1
28;294;443;-1
28;315;210;-1
28;324;276;-1
28;344;283;-1
28;354;222;-1
28;358;611;-1
29;359;502;-1
28;392;526;-1
28;473;123;-1
28;489;114;-1
28;494;540;-1
28;516;10;-1
28;550;13;-1
28;578;41;-1
28;591;173;-1
28;611;407;-1
28;625;746;-1
28;632;31;-1
28;639;109;-1
28;643;389;-1
28;675;246;-1
28;683;195;-1
28;695;255;-1
28;712;280;-1
28;747;72;-1
28;763;6;-1
28;765;125;-1
28;776;24;-1
28;799;268;-1
28;801;194;-1
29;805;16;-1
28;819;174;-1
28;820;253;-1
28;829;0;-1
28;831;88;-1
28;834;135;-1
28;841;10;-1
28;842;360;-1
28;886;126;-1
28;899;369;-1
28;908;482;-1
28;921;257;-1
29;952;252;-1
29;2;47;-1
29;19;3;-1
29;39;187;-1
29;43;63;-1
29;54;277;-1
30;58;93;-1
29;61;88;-1
29;67;534;-1
29;89;310;-1
29;90;72;-1
29;111;18;-1
29;135;308;-1
29;167;421;-1
30;177;150;-1
29;177;263;-1
29;181;122;-1
29;217;575;-1
29;220;631;-1
29;229;205;-1
29;233;45;-1
29;238;45;-1
29;246;791;-1
29;252;661;-1
29;277;410;-1
29;285;51;-1
29;303;718;-1
30;309;615;-1
29;324;67;-1
29;337;217;-1
29;359;356;-1
29;368;217;-1
29;383;151;-1
29;404;487;-1
29;407;302;-1
29;416;259;-1
29;424;259;-1
29;453;108;-1
29;466;114;-1
29;466;122;-1
30;491;593;-1
29;506;92;-1
29;512;91;-1
29;522;162;-1
29;522;567;-1
30;522;854;-1
29;526;369;-1
29;532;35;-1
29;543;374;-1
29;548;36;-1
29;562;528;-1
29;584;651;-1
29;591;162;-1
29;605;656;-1
29;608;73;-1
29;612;373;-1
29;628;414;-1
29;669;37;-1
29;670;15;-1
29;671;398;-1
29;675;91;-1
29;684;497;-1
29;696;13;-1
29;708;549;-1
29;727;78;-1
29;741;6;-1
29;756;540;-1
29;769;0;-1
30;768;668;-1
29;775;114;-1
29;776;665;-1
29;777;114;-1
29;822;622;-1
29;834;334;-1
29;865;329;-1
29;902;732;-1
29;906;769;-1
29;925;227;-1
29;942;623;-1
29;949;466;-1
29;958;493;-1
29;959;189;-1
29;964;146;-1
29;984;549;-1
29;995;549;-1
30;10;766;-1
30;20;359;-1
30;21;196;-1
30;31;269;-1
30;31;631;-1
30;33;160;-1
30;43;130;-1
30;51;743;-1
31;60;101;-1
30;69;326;-1
30;76;608;-1
30;86;163;-1
30;107;309;-1
30;110;69;-1
30;116;6;-1
30;122;513;-1
30;127;149;-1
30;143;172;-1
30;146;52;-1
30;146;691;-1
30;155;173;-1
30;156;121;-1
30;157;501;-1
30;170;536;-1
30;179;712;-1
30;188;713;-1
30;197;580;-1
30;198;673;-1
30;213;208;-1
31;217;518;-1
30;239;91;-1
30;246;309;-1
31;251;315;-1
30;256;620;-1
30;261;65;-1
30;264;10;-1
30;264;80;-1
30;264;710;-1
30;267;694;-1
30;270;26;-1
30;273;64;-1
30;273;313;-1
31;281;35;-1
30;341;92;-1
30;342;237;-1
30;344;815;-1
30;352;139;-1
30;359;259;-1
31;369;868;-1
30;374;258;-1
30;381;301;-1
30;385;526;-1
31;390;676;-1
30;406;268;-1
31;427;2;-1
30;427;412;-1
30;431;404;-1
30;440;65;-1
30;440;114;-1
31;446;863;-1
30;447;420;-1
30;448;883;-1
30;457;461;-1
30;463;300;-1
30;477;390;-1
30;490;423;-1
32;494;208;-1
30;522;40;-1
30;522;110;-1
30;539;846;-1
30;549;21;-1
30;579;313;-1
30;599;539;-1
30;641;864;-1
30;649;672;-1
30;652;227;-1
30;673;295;-1
30;677;35;-1
30;681;372;-1
31;686;350;-1
30;686;620;-1
30;706;178;-1
30;711;49;-1
30;720;690;-1
30;734;461;-1
30;742;199;-1
30;751;676;-1
30;753;128;-1
30;759;534;-1
30;761;109;-1
30;765;510;-1
30;784;750;-1
30;788;150;-1
30;792;423;-1
30;797;144;-1
30;799;748;-1
30;800;664;-1
30;801;42;-1
30;805;785;-1
30;811;302;-1
30;821;680;-1
30;823;310;-1
30;831;247;-1
30;833;390;-1
30;854;537;-1
30;856;668;-1
30;865;93;-1
30;872;52;-1
30;876;527;-1
30;915;412;-1
30;920;124;-1
30;927;708;-1
30;947;221;-1
30;950;559;-1
30;956;313;-1
30;957;3;-1
31;973;349;-1
30;974;564;-1
30;984;535;-1
30;985;529;-1
30;995;617;-1
31;4;394;-1
31;10;257;-1
31;13;311;-1
31;17;317;-1
31;27;508;-1
31;36;293;-1
31;48;221;-1
31;57;474;-1
31;60;819;-1
31;74;698;-1
31;94;73;-1
31;96;563;-1
32;97;708;-1
31;130;821;-1
31;132;672;-1
31;148;567;-1
31;152;483;-1
31;152;780;-1
31;168;498;-1
31;177;93;-1
31;194;886;-1
31;202;75;-1
31;215;605;-1
31;219;179;-1
31;224;83;-1
31;224;679;-1
31;226;295;-1
31;229;179;-1
31;243;626;-1
31;247;102;-1
31;249;549;-1
31;251;581;-1
31;262;323;-1
31;275;788;-1
31;296;785;-1
31;320;102;-1
31;324;586;-1
31;355;71;-1
31;355;950;-1
31;358;769;-1
31;360;222;-1
31;362;905;-1
31;364;9;-1
31;366;36;-1
31;373;513;-1
31;373;950;-1
31;387;504;-1
31;388;905;-1
31;399;19;-1
31;403;327;-1
31;407;832;-1
32;407;893;-1
31;414;355;-1
31;418;642;-1
31;424;91;-1
31;426;418;-1
31;429;906;-1
31;457;296;-1
31;458;50;-1
31;472;29;-1
31;487;126;-1
31;491;833;-1
31;498;672;-1
31;500;860;-1
32;511;98;-1
31;514;835;-1
31;553;293;-1
31;555;409;-1
31;555;954;-1
31;557;568;-1
31;559;308;-1
31;568;425;-1
31;604;737;-1
31;608;871;-1
31;615;299;-1
31;622;287;-1
31;624;688;-1
31;627;321;-1
31;632;282;-1
32;642;167;-1
31;653;430;-1
31;666;21;-1
32;672;727;-1
31;675;948;-1
31;694;896;-1
31;703;15;-1
31;713;211;-1
31;715;539;-1
31;726;834;-1
31;729;840;-1
31;733;205;-1
31;738;264;-1
31;739;109;-1
31;747;959;-1
31;750;423;-1
31;753;569;-1
31;762;64;-1
31;770;178;-1
31;774;225;-1
31;789;155;-1
31;789;676;-1
31;807;307;-1
31;809;931;-1
31;810;275;-1
31;820;76;-1
31;826;847;-1
31;827;765;-1
31;842;76;-1
31;846;937;-1
31;881;627;-1
31;908;434;-1
31;909;190;-1
31;928;146;-1
31;928;860;-1
31;950;797;-1
31;979;190;-1
31;985;631;-1
31;994;688;-1
32;2;312;-1
32;24;565;-1
32;25;349;-1
33;26;213;-1
32;25;669;-1
32;40;686;-1
32;54;720;-1
32;74;304;-1
32;98;789;-1
32;103;140;-1
32;116;636;-1
32;118;69;-1
32;118;712;-1
32;143;745;-1
33;170;837;-1
32;172;780;-1
32;183;760;-1
32;194;57;-1
32;201;24;-1
32;201;812;-1
32;262;398;-1
32;287;950;-1
32;288;546;-1
32;297;644;-1
32;298;475;-1
32;302;775;-1
32;322;766;-1
32;337;756;-1
32;346;570;-1
32;365;601;-1
32;371;614;-1
32;381;235;-1
32;382;837;-1
32;400;284;-1
32;410;506;-1
32;414;853;-1
32;415;816;-1
32;423;856;-1
32;427;123;-1
32;466;504;-1
32;466;916;-1
32;474;639;-1
33;479;71;-1
32;482;572;-1
32;490;95;-1
32;494;133;-1
33;497;119;-1
32;510;744;-1
32;603;433;-1
32;605;90;-1
33;613;524;-1
32;616;653;-1
32;617;264;-1
32;627;891;-1
32;634;196;-1
32;639;556;-1
32;645;928;-1
32;660;657;-1
32;665;55;-1
32;672;852;-1
32;689;357;-1
32;696;395;-1
32;703;47;-1
32;708;65;-1
32;712;962;-1
32;713;901;-1
32;714;938;-1
32;727;122;-1
32;727;216;-1
32;728;108;-1
32;772;237;-1
32;773;804;-1
32;774;698;-1
32;774;856;-1
32;795;956;-1
32;814;675;-1
32;830;608;-1
32;839;477;-1
32;841;617;-1
32;845;193;-1
32;847;355;-1
32;848;664;-1
33;870;410;-1
32;874;198;-1
32;875;410;-1
32;892;844;-1
32;905;907;-1
32;918;506;-1
33;949;110;-1
32;951;171;-1
32;959;359;-1
32;962;848;-1
32;963;208;-1
32;972;46;-1
32;978;780;-1
33;2;362;-1
33;5;813;-1
33;7;917;-1
33;34;960;-1
33;42;221;-1
33;58;132;-1
33;61;655;-1
33;62;157;-1
33;82;798;-1
33;90;659;-1
33;95;620;-1
33;97;254;-1
33;104;245;-1
33;114;670;-1
33;138;813;-1
33;139;952;-1
33;140;76;-1
33;141;154;-1
33;148;577;-1
33;165;896;-1
33;171;126;-1
33;174;625;-1
33;177;935;-1
33;189;941;-1
33;193;102;-1
33;206;502;-1
33;211;793;-1
33;216;686;-1
33;220;342;-1
33;235;61;-1
33;235;566;-1
33;240;270;-1
33;241;30;-1
33;254;579;-1
33;280;459;-1
33;281;218;-1
33;304;0;-1
33;316;289;-1
33;343;314;-1
33;347;201;-1
33;347;539;-1
33;389;199;-1
33;401;580;-1
33;403;431;-1
33;422;394;-1
33;433;654;-1
33;436;72;-1
33;468;77;-1
33;486;162;-1
33;496;540;-1
33;497;441;-1
33;499;147;-1
33;503;462;-1
33;511;625;-1
33;519;954;-1
33;524;849;-1
33;551;581;-1
33;581;964;-1
33;581;97;-1
33;598;944;-1
34;603;178;-1
33;603;251;-1
33;603;809;-1
33;610;909;-1
33;634;678;-1
33;639;252;-1
33;652;788;-1
33;662;582;-1
33;662;247;-1
33;664;127;-1
33;675;392;-1
33;680;694;-1
33;708;956;-1
34;709;924;-1
33;711;77;-1
33;737;189;-1
33;767;145;-1
33;769;470;-1
33;781;403;-1
33;791;238;-1
34;798;944;-1
33;800;493;-1
33;809;21;-1
33;822;43;-1
33;837;765;-1
33;837;784;-1
33;841;423;-1
33;842;938;-1
33;844;226;-1
33;852;555;-1
33;894;849;-1
33;899;594;-1
33;908;849;-1
33;909;946;-1
33;957;416;-1
33;967;46;-1
33;970;1;-1
33;973;414;-1
34;994;506;-1
34;2;658;-1
34;3;360;-1
34;17;700;-1
34;28;457;-1
34;45;478;-1
34;53;837;-1
34;82;929;-1
34;96;158;0
34;99;899;-1
35;101;283;-1
34;105;259;-1
35;107;480;-1
34;127;781;-1
34;162;945;-1
34;171;553;-1
34;184;601;-1
34;220;642;-1
34;245;809;-1
34;265;348;-1
34;266;843;-1
34;269;2;-1
34;283;824;-1
34;286;24;-1
34;290;58;-1
34;291;91;-1
35;291;799;-1
34;309;508;-1
34;325;959;-1
34;346;74;-1
34;381;34;-1
35;382;933;-1
34;397;36;-1
34;398;623;-1
35;402;677;-1
34;402;749;-1
34;415;431;-1
35;424;931;-1
34;428;467;-1
34;434;839;-1
34;438;463;-1
34;454;252;-1
34;469;352;-1
34;475;377;-1
34;476;799;-1
34;482;428;-1
34;485;767;-1
34;499;195;-1
34;516;45;-1
34;516;659;-1
34;521;43;-1
34;528;209;-1
34;528;315;-1
34;538;594;-1
34;538;891;-1
34;542;695;-1
34;543;558;-1
34;549;594;-1
34;559;441;-1
34;576;605;-1
34;587;590;-1
34;594;726;-1
34;611;267;-1
34;625;958;-1
34;628;251;-1
34;644;907;-1
34;670;234;-1
34;677;837;-1
34;689;822;-1
34;699;550;-1
34;699;581;-1
34;701;805;-1
34;703;441;-1
34;706;66;-1
34;706;584;-1
34;718;443;-1
34;719;284;-1
34;730;954;-1
34;732;377;-1
34;743;5;-1
34;751;201;-1
34;751;673;-1
34;754;643;-1
34;775;480;-1
34;786;80;-1
34;786;885;-1
34;793;423;-1
34;823;198;-1
34;839;595;-1
34;842;131;-1
34;847;521;-1
34;849;64;-1
34;851;561;-1
34;869;502;-1
34;871;213;-1
34;873;13;-1
34;873;78;-1
34;889;718;-1
34;895;151;-1
34;901;480;-1
34;905;706;-1
34;912;151;-1
34;923;319;-1
34;923;659;-1
34;925;209;-1
34;929;898;-1
34;946;100;-1
34;960;813;-1
34;967;726;-1
34;967;733;-1
34;985;425;-1
34;986;61;-1
34;995;64;-1
36;7;957;-1
35;8;703;-1
35;19;824;-1
35;30;469;-1
35;43;757;-1
35;46;296;-1
35;55;135;-1
35;65;138;-1
35;67;145;-1
35;73;911;-1
35;99;713;-1
35;104;141;-1
35;108;906;-1
35;121;155;-1
35;133;479;-1
35;141;467;-1
35;181;711;-1
35;184;513;-1
35;185;896;-1
35;187;118;-1
35;190;882;-1
35;211;964;-1
35;216;547;-1
35;233;790;-1
35;239;468;-1
35;245;824;-1
35;253;919;-1
35;255;485;-1
35;257;844;-1
35;274;34;-1
35;274;748;-1
35;275;591;-1
35;289;18;-1
35;295;656;-1
36;303;488;-1
36;307;752;-1
35;318;546;-1
35;366;843;-1
35;368;849;-1
35;375;928;-1
35;392;13;-1
35;395;887;-1
35;399;586;-1
35;406;100;-1
35;415;78;-1
35;415;92;-1
35;417;829;-1
35;418;953;-1
35;419;19;-1
35;420;900;-1
35;423;548;-1
35;430;181;-1
35;435;229;-1
35;480;101;-1
35;494;62;-1
35;515;33;-1
35;524;30;-1
35;533;59;-1
35;537;570;-1
35;545;502;-1
35;547;206;-1
35;547;261;-1
35;560;714;-1
35;562;249;-1
35;570;145;-1
35;574;826;-1
35;575;801;-1
35;576;951;-1
35;584;952;-1
35;590;336;-1
35;595;701;-1
35;597;380;-1
35;602;458;-1
35;619;929;-1
35;638;798;-1
35;644;745;-1
35;667;635;-1
35;671;562;-1
35;679;367;-1
35;686;9;-1
35;687;376;-1
35;705;508;-1
35;708;55;-1
35;723;152;-1
35;725;539;-1
35;740;334;-1
36;743;961;-1
35;748;194;-1
35;749;839;-1
35;769;901;-1
35;775;30;-1
36;783;173;-1
35;793;185;-1
35;803;78;-1
35;811;206;-1
35;813;60;-1
35;826;817;-1
35;830;886;-1
35;832;305;-1
35;850;903;-1
35;853;31;-1
35;861;290;-1
35;862;618;-1
35;863;863;-1
35;867;668;-1
35;874;688;-1
35;893;57;-1
35;894;312;-1
35;896;662;-1
36;897;710;-1
35;902;215;-1
35;910;652;-1
35;914;881;-1
35;923;497;-1
35;959;97;-1
35;960;444;-1
35;979;203;-1
35;979;774;-1
35;980;865;-1
36;987;788;-1
35;989;49;-1
36;3;870;-1
36;12;819;-1
37;18;205;-1
36;19;758;-1
36;32;232;-1
36;32;611;-1
36;36;848;-1
36;50;716;-1
36;62;791;-1
36;72;719;-1
36;92;112;-1
36;93;751;-1
36;99;532;-1
36;102;31;-1
36;102;695;-1
36;106;608;-1
36;108;676;-1
36;117;654;-1
37;117;671;-1
36;142;823;-1
36;146;606;-1
36;164;622;-1
36;172;527;-1
36;174;804;-1
36;181;799;-1
36;199;819;-1
36;208;303;-1
36;229;811;-1
36;231;846;-1
36;244;310;-1
36;260;944;-1
36;261;27;-1
36;270;502;-1
36;281;415;-1
36;293;34;-1
36;299;439;-1
36;299;761;-1
36;302;815;-1
36;307;377;-1
36;321;10;-1
36;329;612;-1
36;363;838;-1
36;377;128;-1
36;378;298;-1
36;384;271;-1
36;394;463;-1
37;402;5;-1
36;411;443;-1
36;411;839;-1
36;426;329;-1
36;426;954;-1
36;427;486;-1
36;438;772;-1
36;439;552;-1
36;444;95;-1
36;457;810;-1
36;461;839;-1
36;467;199;-1
36;470;647;-1
36;474;672;-1
36;481;774;-1
37;483;751;-1
36;487;10;-1
37;489;35;-1
36;490;11;-1
36;510;818;-1
36;513;771;-1
36;516;190;-1
36;529;48;-1
36;533;277;-1
36;536;48;-1
36;563;99;-1
36;570;818;-1
36;583;379;-1
36;593;141;-1
36;604;230;-1
36;607;772;-1
36;615;534;-1
36;631;416;-1
36;639;25;-1
36;642;385;-1
36;650;18;-1
36;660;963;-1
36;661;820;-1
36;672;715;-1
36;701;390;-1
36;703;640;-1
36;705;337;-1
36;707;41;-1
36;720;585;-1
36;744;567;-1
36;752;968;-1
36;753;262;-1
36;757;104;-1
36;763;68;-1
36;767;705;-1
36;774;142;-1
36;778;669;-1
36;786;69;-1
36;791;658;-1
36;794;493;-1
36;798;18;-1
36;801;740;-1
36;811;915;-1
36;815;244;-1
37;815;276;-1
36;827;353;-1
36;833;878;-1
36;837;388;-1
36;853;290;-1
36;858;712;-1
36;861;142;-1
36;875;196;-1
36;881;464;-1
36;893;273;-1
36;894;263;-1
36;899;750;-1
36;904;212;-1
36;911;264;-1
36;927;892;-1
36;935;688;-1
36;948;734;-1
36;963;538;-1
36;973;441;-1
36;974;809;-1
36;988;475;-1
36;990;733;-1
36;991;54;-1
36;997;443;-1
36;997;586;-1
37;3;658;-1
38;26;213;-1
37;48;856;-1
37;62;905;-1
37;98;779;-1
38;107;857;-1
37;110;112;-1
37;115;1;-1
38;149;790;-1
37;155;516;-1
37;169;627;-1
37;181;498;-1
37;189;694;-1
37;192;838;-1
38;193;959;-1
37;201;922;-1
37;208;71;-1
37;221;497;-1
37;234;474;-1
37;240;907;-1
37;243;841;-1
37;245;269;-1
37;245;285;-1
37;329;213;-1
37;335;63;-1
37;351;120;-1
37;357;537;-1
38;362;807;-1
37;365;642;-1
37;370;588;-1
37;372;642;-1
38;387;291;-1
37;404;145;-1
37;411;18;-1
37;414;203;-1
37;441;0;-1
37;441;134;-1
37;449;590;-1
37;462;435;-1
38;485;256;-1
37;490;723;-1
37;493;729;-1
37;496;960;-1
37;500;911;-1
37;519;368;-1
37;524;111;-1
37;526;317;-1
37;531;286;-1
37;555;301;-1
37;556;58;-1
37;556;187;-1
37;583;644;-1
37;585;276;-1
37;591;250;-1
37;595;256;-1
38;599;173;-1
37;599;200;-1
37;599;303;-1
37;635;175;-1
37;653;409;-1
37;663;500;-1
37;666;768;-1
37;668;188;-1
37;669;404;-1
37;675;619;-1
37;690;340;-1
37;694;91;-1
37;695;711;-1
37;698;286;-1
37;698;369;-1
37;711;76;-1
37;718;234;-1
37;725;741;-1
37;725;809;-1
37;735;82;-1
37;741;29;-1
37;749;475;-1
37;766;80;-1
37;778;553;-1
37;782;678;-1
37;786;391;-1
37;788;895;-1
37;789;533;-1
37;794;437;-1
37;798;662;-1
37;799;572;-1
37;805;234;-1
37;809;952;-1
37;810;694;-1
37;812;76;-1
37;827;98;-1
37;838;375;-1
37;849;754;-1
37;857;318;-1
37;865;782;-1
37;869;968;-1
37;892;198;-1
37;892;765;-1
37;914;77;-1
37;950;804;-1
37;952;140;-1
37;956;581;-1
37;957;218;-1
37;960;355;-1
37;960;567;-1
37;966;371;-1
37;991;594;-1
39;23;640;-1
38;44;925;-1
38;52;730;-1
38;80;745;-1
40;111;157;-1
38;118;581;-1
38;134;714;-1
38;153;12;-1
38;170;716;-1
38;180;812;-1
38;225;932;-1
38;230;904;-1
38;252;659;-1
39;259;530;-1
38;264;289;-1
38;291;13;-1
38;297;398;-1
38;335;486;-1
38;345;656;-1
38;346;165;-1
38;348;208;-1
38;364;968;-1
38;371;511;-1
38;381;87;-1
39;387;330;-1
38;395;479;-1
38;396;393;-1
39;398;495;-1
38;409;325;-1
38;419;889;-1
38;428;53;-1
38;444;677;-1
38;444;961;-1
38;454;787;-1
38;460;385;-1
38;465;537;-1
39;474;754;-1
38;484;854;-1
38;494;187;-1
38;516;581;-1
38;523;401;-1
38;524;450;-1
39;524;814;-1
38;531;102;-1
38;533;273;-1
38;546;706;-1
38;571;369;-1
38;576;63;-1
38;594;9;-1
38;609;98;-1
38;613;12;-1
38;615;205;-1
38;631;24;-1
38;631;198;-1
38;633;260;-1
39;650;235;-1
38;654;648;-1
38;659;833;-1
38;672;354;-1
38;674;722;-1
38;690;679;-1
38;722;161;-1
38;725;664;-1
38;763;765;-1
38;776;149;-1
38;777;420;-1
38;793;198;-1
38;797;656;-1
38;799;111;-1
39;799;100;-1
38;850;35;-1
38;862;445;-1
38;866;162;-1
38;869;207;-1
38;874;262;-1
38;879;114;-1
38;882;442;-1
38;882;735;-1
38;901;660;-1
38;906;310;-1
38;914;310;-1
38;919;886;-1
38;928;600;-1
38;937;234;-1
38;942;161;-1
38;953;14;-1
38;967;302;-1
39;967;571;-1
38;976;938;-1
39;989;549;-1
38;997;162;-1
39;31;931;-1
39;55;220;-1
39;110;623;-1
39;123;519;-1
39;124;735;-1
39;135;116;-1
39;138;916;-1
39;169;647;-1
40;170;134;-1
39;181;659;-1
39;208;895;-1
39;217;862;-1
39;231;112;-1
39;233;485;-1
39;249;633;-1
39;264;266;-1
39;264;542;-1
39;265;466;-1
39;280;744;-1
39;308;281;-1
39;335;196;-1
39;335;960;-1
39;353;258;-1
39;355;415;-1
39;360;692;-1
40;383;431;-1
39;388;279;-1
39;427;845;-1
39;429;627;-1
39;442;565;-1
39;444;629;-1
39;470;60;-1
39;470;427;-1
39;486;362;-1
39;489;765;-1
40;496;24;-1
40;496;124;-1
39;514;330;-1
39;524;216;-1
39;529;302;-1
39;533;145;-1
39;536;264;-1
39;594;177;-1
39;605;194;-1
39;609;917;-1
39;612;888;-1
39;620;647;-1
40;636;249;-1
39;648;119;-1
39;668;835;-1
39;697;725;-1
39;698;808;-1
39;701;209;-1
39;702;609;-1
39;702;946;-1
39;730;535;-1
39;733;645;-1
39;736;253;-1
39;741;45;-1
39;750;310;-1
39;749;673;-1
39;775;648;-1
39;782;181;-1
39;782;251;-1
39;791;131;-1
39;796;874;-1
39;798;901;-1
40;822;814;-1
40;825;442;-1
39;842;37;-1
39;842;109;-1
39;861;285;-1
39;866;139;-1
39;885;607;-1
39;891;705;-1
39;891;965;-1
39;901;911;-1
39;903;738;-1
39;922;137;-1
39;933;56;-1
39;933;505;-1
39;977;400;-1
39;981;164;-1
39;984;44;-1
39;991;893;-1
39;995;445;-1
40;9;808;-1
40;24;231;-1
40;129;777;-1
40;144;109;-1
40;148;110;-1
40;156;121;-1
40;163;950;-1
40;195;82;-1
40;204;857;-1
40;212;844;-1
40;245;854;-1
41;245;39;-1
40;257;291;-1
40;268;538;-1
40;283;613;-1
40;310;761;-1
40;311;811;-1
40;327;529;-1
40;354;807;-1
40;380;123;-1
40;384;607;-1
40;388;382;-1
40;399;864;-1
40;404;375;-1
40;430;637;-1
40;447;730;-1
40;459;103;-1
40;469;270;-1
40;480;119;-1
40;494;891;-1
40;496;964;-1
40;498;594;-1
40;513;166;-1
40;520;819;-1
40;529;608;-1
40;537;845;-1
40;545;62;-1
40;570;699;-1
40;580;299;-1
40;583;248;-1
40;590;877;-1
40;593;621;-1
40;599;959;-1
40;617;728;-1
40;618;539;-1
40;622;752;-1
40;626;193;-1
40;640;262;-1
40;641;145;-1
40;652;868;-1
40;671;457;-1
40;677;744;-1
40;678;114;-1
40;697;764;-1
40;703;61;-1
40;714;456;-1
40;715;702;-1
40;724;592;-1
40;846;364;-1
40;861;780;-1
40;866;339;-1
40;869;474;-1
40;879;910;-1
40;883;904;-1
40;886;560;-1
40;892;273;-1
40;899;424;-1
40;930;663;-1
40;937;795;-1
40;943;898;-1
40;951;426;-1
40;952;433;-1
40;953;384;-1
40;962;590;-1
40;972;440;-1
40;982;219;-1
40;983;129;-1
40;983;845;-1
41;93;783;-1
41;99;127;-1
41;105;49;-1
41;107;871;-1
41;117;711;-1
41;121;724;-1
41;156;874;-1
41;199;68;-1
41;243;653;-1
41;261;903;-1
41;282;738;-1
41;284;252;-1
41;284;783;-1
41;290;463;-1
41;292;870;-1
41;337;885;-1
41;344;798;-1
41;355;190;-1
41;360;708;-1
41;394;949;-1
41;402;325;-1
41;407;886;-1
41;408;389;-1
41;418;300;-1
41;419;613;-1
41;420;844;-1
41;427;868;-1
41;450;91;-1
42;453;746;-1
41;484;103;-1
41;488;436;-1
41;492;611;-1
41;495;200;-1
41;502;317;-1
41;503;277;-1
41;547;733;-1
41;563;612;-1
41;579;437;-1
41;601;582;-1
41;637;874;-1
42;639;194;-1
41;647;97;-1
41;652;115;-1
41;654;880;-1
41;657;415;-1
41;671;507;-1
41;674;439;-1
41;687;496;-1
41;726;626;-1
41;743;274;-1
41;756;452;-1
41;758;208;-1
41;763;358;-1
41;766;35;-1
41;767;175;-1
41;769;245;-1
41;771;84;-1
41;789;750;-1
41;791;34;-1
41;824;902;-1
41;839;230;-1
42;842;713;-1
41;853;376;-1
41;867;65;-1
41;868;74;-1
41;876;638;-1
41;878;523;-1
41;889;798;-1
41;893;158;-1
42;896;1;-1
41;905;327;-1
41;905;438;-1
41;908;679;-1
41;940;133;-1
41;941;228;-1
41;942;598;-1
41;966;903;-1
41;976;810;-1
41;984;382;-1
42;24;735;-1
42;107;119;-1
42;117;774;-1
42;124;805;-1
42;148;68;-1
42;157;23;-1
42;157;567;-1
42;163;65;-1
42;171;627;-1
42;201;62;-1
42;205;843;-1
42;241;761;-1
42;245;872;-1
42;267;872;-1
42;274;491;-1
42;299;240;-1
42;301;688;-1
42;302;765;-1
42;319;633;-1
42;319;687;-1
42;320;495;-1
42;332;484;-1
42;334;935;-1
42;335;195;-1
42;339;739;-1
42;354;554;-1
42;358;742;-1
42;365;539;-1
42;367;178;-1
42;371;527;-1
42;380;662;-1
42;381;289;-1
42;383;99;-1
42;385;945;-1
42;401;854;-1
42;404;99;-1
42;422;85;-1
42;433;334;-1
42;436;415;-1
42;440;544;-1
42;445;857;-1
42;447;368;-1
42;453;906;-1
42;456;517;-1
42;460;816;-1
42;461;661;-1
42;463;600;-1
42;488;383;-1
43;487;488;-1
42;501;452;-1
42;502;165;-1
42;503;299;-1
42;509;890;-1
42;510;378;-1
42;528;938;-1
42;533;35;-1
42;547;128;-1
42;569;173;-1
42;611;428;-1
42;660;889;-1
42;681;905;-1
42;683;214;-1
42;686;466;-1
42;687;819;-1
42;692;390;-1
42;692;574;-1
42;694;565;-1
42;700;890;-1
42;703;416;-1
42;705;67;-1
42;712;484;-1
42;712;858;-1
42;721;710;-1
42;723;73;-1
43;724;536;-1
42;726;118;-1
42;731;197;-1
42;766;237;-1
42;771;355;-1
42;779;447;-1
42;782;328;-1
42;783;303;-1
42;786;187;-1
42;786;961;-1
42;788;142;-1
42;793;233;-1
42;796;560;-1
42;800;381;-1
42;809;651;-1
42;811;154;-1
42;825;727;-1
43;835;856;-1
42;841;644;-1
42;842;568;-1
42;845;366;-1
42;862;758;-1
42;869;120;-1
42;875;491;-1
42;881;761;-1
43;893;288;-1
42;907;750;-1
42;921;926;-1
42;932;935;-1
42;959;240;-1
42;964;389;-1
42;990;218;-1
42;995;847;-1
44;27;923;-1
43;29;198;-1
43;40;824;-1
43;82;803;-1
43;104;847;-1
43;125;100;-1
44;125;919;-1
43;149;823;-1
43;169;662;-1
43;174;3;-1
43;182;75;-1
43;210;693;-1
43;222;881;-1
43;233;76;-1
44;236;849;-1
43;259;274;-1
43;293;510;-1
44;306;222;-1
43;306;617;-1
43;310;889;-1
44;317;809;-1
43;336;20;-1
43;341;853;-1
43;347;272;-1
43;428;876;-1
44;440;845;-1
43;445;0;-1
43;458;641;-1
43;475;131;-1
43;475;729;-1
43;482;914;-1
43;488;636;-1
43;494;739;-1
43;507;797;-1
43;513;123;-1
43;522;806;-1
43;528;8;-1
43;532;163;-1
43;545;394;-1
43;545;509;-1
43;557;555;-1
43;562;257;-1
43;567;777;-1
43;573;553;-1
43;577;540;-1
43;585;139;-1
43;594;364;-1
43;604;326;-1
43;609;232;-1
43;611;707;-1
43;624;448;-1
43;644;150;-1
44;652;7;-1
43;655;732;-1
43;662;401;-1
43;672;33;-1
43;674;959;-1
43;679;16;-1
43;680;890;-1
43;687;46;-1
43;688;865;-1
43;695;404;-1
43;695;488;-1
43;717;395;-1
43;721;10;-1
43;721;170;-1
43;751;736;-1
43;756;586;-1
43;772;337;-1
43;788;376;-1
43;793;128;-1
43;797;197;-1
43;839;529;-1
43;842;211;-1
43;849;240;-1
43;853;432;-1
44;872;506;-1
43;898;311;-1
43;912;840;-1
43;913;774;-1
43;924;775;-1
43;934;28;-1
43;938;24;-1
43;946;85;-1
43;959;764;-1
43;966;114;-1
43;976;363;-1
43;978;740;-1
43;985;326;-1
44;2;708;-1
44;27;917;-1
44;36;964;-1
44;84;864;-1
44;106;128;-1
44;173;11;-1
44;186;637;-1
44;190;893;-1
44;196;698;-1
44;210;897;-1
44;279;804;-1
44;298;506;-1
44;304;238;-1
44;320;918;-1
44;326;933;-1
44;329;464;-1
44;330;470;-1
45;334;854;-1
44;337;225;-1
44;348;319;-1
44;354;963;-1
44;360;849;-1
44;364;867;-1
44;392;611;-1
44;397;890;-1
44;414;590;-1
44;417;379;-1
44;421;909;-1
44;426;2;-1
44;449;8;-1
44;466;807;-1
44;476;429;-1
44;478;155;-1
44;479;357;-1
44;482;502;-1
44;500;97;-1
44;544;533;-1
44;546;47;-1
44;558;270;-1
44;575;320;-1
44;582;692;-1
44;582;831;-1
44;587;874;-1
44;588;467;-1
44;601;923;-1
44;603;315;-1
44;603;369;-1
44;605;264;-1
44;619;917;-1
44;624;432;-1
44;638;140;-1
44;641;147;-1
44;681;574;-1
45;681;844;-1
44;697;423;-1
44;696;844;-1
44;726;462;-1
44;731;290;-1
44;731;960;-1
44;738;715;-1
44;747;61;-1
44;757;657;-1
44;760;824;-1
44;763;462;-1
44;795;661;-1
44;818;309;-1
44;819;89;-1
44;822;378;-1
44;822;937;-1
44;832;937;-1
44;844;700;-1
44;847;782;-1
45;848;220;-1
45;870;33;-1
44;875;651;-1
44;888;102;-1
44;887;958;-1
44;889;549;-1
44;891;246;-1
44;891;634;-1
44;895;259;-1
44;895;530;-1
44;896;49;-1
44;904;716;-1
44;952;445;-1
44;958;918;-1
44;960;953;-1
44;963;246;-1
44;979;2;-1
44;985;385;-1
45;5;689;-1
45;6;749;-1
45;8;739;-1
45;51;738;-1
45;94;870;-1
45;173;584;-1
45;187;20;-1
45;204;897;-1
45;249;706;-1
46;263;682;-1
45;263;754;-1
46;287;763;-1
45;373;910;-1
45;398;565;-1
45;451;300;-1
45;454;401;-1
45;459;443;-1
45;465;411;-1
45;474;195;-1
45;484;474;-1
45;495;109;-1
45;495;222;-1
46;498;381;-1
45;520;708;-1
45;521;343;-1
45;530;494;-1
45;540;526;-1
46;544;279;-1
45;550;282;-1
45;555;823;-1
45;558;668;-1
45;576;189;-1
45;586;553;-1
45;587;743;-1
45;591;214;-1
45;600;191;-1
45;602;818;-1
45;603;593;-1
45;613;196;-1
45;626;647;-1
45;636;623;-1
45;644;922;-1
46;668;612;-1
45;669;163;-1
45;671;819;-1
45;672;861;-1
45;684;373;-1
45;684;526;-1
45;685;144;-1
45;685;440;-1
45;708;669;-1
45;720;500;-1
45;754;965;-1
45;760;775;-1
45;764;210;-1
45;783;695;-1
45;792;46;-1
45;792;70;-1
45;794;727;-1
45;803;843;-1
45;806;499;-1
45;823;317;-1
45;830;308;-1
45;832;639;-1
45;849;661;-1
45;854;476;-1
45;863;631;-1
45;864;702;-1
45;902;464;-1
45;901;514;-1
45;919;37;-1
45;921;102;-1
45;923;240;-1
45;926;225;-1
46;928;790;-1
45;935;655;-1
45;942;725;-1
45;966;384;-1
45;974;883;-1
46;980;450;-1
45;980;906;-1
45;994;629;-1
46;23;726;-1
46;71;903;-1
46;112;801;-1
46;114;129;-1
46;123;30;-1
46;157;568;-1
46;184;48;-1
46;279;297;-1
46;301;784;-1
46;312;373;-1
46;356;301;-1
47;365;193;-1
46;375;680;-1
46;383;373;-1
46;402;392;-1
46;403;709;-1
46;406;601;-1
46;426;533;-1
46;434;98;-1
46;434;104;-1
46;458;419;-1
46;459;948;-1
46;482;151;-1
46;491;703;-1
46;502;504;-1
46;526;884;-1
46;540;55;-1
46;540;367;-1
46;577;963;-1
47;591;877;-1
46;595;48;-1
46;600;168;-1
46;606;10;-1
46;610;453;-1
46;619;855;-1
46;621;674;-1
46;636;214;-1
46;637;254;-1
46;654;74;-1
46;670;48;-1
46;671;226;-1
46;682;749;-1
46;693;749;-1
46;697;856;-1
46;712;20;-1
46;712;725;-1
46;740;53;-1
46;746;327;-1
46;756;97;-1
46;765;202;-1
46;770;149;-1
46;784;173;-1
47;788;377;-1
46;793;89;-1
46;824;301;-1
46;834;520;-1
47;841;309;61
46;851;105;-1
46;856;431;-1
46;861;335;-1
47;867;786;-1
46;884;945;-1
46;885;300;-1
46;885;445;-1
46;891;742;-1
46;892;524;-1
46;903;299;-1
46;907;933;-1
46;938;393;-1
46;963;323;-1
46;990;437;-1
47;244;728;-1
47;274;324;-1
48;280;778;-1
47;319;520;-1
48;355;192;-1
47;378;450;-1
47;421;357;-1
47;421;735;-1
47;422;410;-1
47;465;362;-1
47;465;500;-1
47;467;585;-1
47;473;287;-1
48;478;215;-1
47;479;390;-1
47;484;706;-1
47;487;275;-1
47;488;659;-1
47;497;934;-1
47;513;730;-1
47;546;415;-1
47;550;53;-1
47;556;777;-1
47;580;268;-1
47;586;277;-1
47;609;258;-1
47;613;186;-1
47;624;324;-1
47;630;179;-1
47;641;272;-1
47;660;319;-1
47;668;829;-1
47;675;404;-1
47;678;856;-1
47;710;806;-1
47;714;555;-1
47;721;170;-1
48;726;818;-1
47;727;28;-1
47;731;584;-1
47;740;771;-1
47;760;655;-1
47;768;474;-1
47;776;620;-1
47;787;643;-1
47;795;71;-1
47;797;686;-1
47;823;309;-1
47;823;420;-1
47;826;310;-1
47;828;317;-1
47;840;322;-1
47;845;78;-1
47;845;322;-1
47;864;357;-1
47;877;596;-1
47;883;637;-1
47;885;875;-1
47;895;166;-1
47;903;920;-1
47;908;638;-1
47;909;747;-1
47;936;241;-1
47;939;321;-1
47;941;390;-1
47;950;536;-1
48;39;858;-1
48;47;809;-1
48;291;866;-1
48;312;513;-1
48;358;376;-1
48;362;527;-1
48;366;309;-1
48;388;738;-1
48;433;736;-1
48;477;159;-1
48;528;621;-1
48;531;154;-1
48;537;206;-1
48;538;314;-1
48;540;81;-1
48;567;257;-1
49;570;221;-1
48;604;380;-1
48;617;290;-1
48;622;329;-1
48;627;873;-1
48;645;909;-1
48;673;438;-1
48;673;952;-1
48;693;624;-1
48;700;149;-1
48;711;506;-1
48;717;772;-1
48;729;431;-1
48;732;460;-1
48;737;138;-1
48;744;547;-1
48;744;762;-1
48;759;509;-1
48;763;381;-1
48;797;55;-1
48;798;256;-1
48;809;346;-1
48;825;785;-1
48;830;92;-1
48;830;881;-1
48;835;673;-1
48;841;767;-1
48;856;75;-1
48;862;325;-1
48;878;460;-1
48;881;714;-1
48;888;813;-1
48;924;962;-1
48;925;324;-1
48;939;564;-1
48;952;736;-1
48;973;706;-1
49;117;869;-1
49;128;150;-1
49;153;889;-1
49;167;55;-1
49;171;617;-1
49;174;584;-1
49;193;580;-1
49;200;618;-1
49;204;597;-1
49;212;54;-1
50;288;763;-1
49;311;892;-1
49;329;779;-1
50;349;904;-1
49;375;397;-1
49;402;114;-1
49;421;757;-1
49;474;173;-1
49;479;123;-1
49;501;589;-1
49;534;657;-1
49;534;867;-1
49;540;118;-1
49;540;639;-1
49;552;651;-1
49;580;536;-1
49;614;489;-1
49;637;155;-1
49;648;568;-1
49;652;827;-1
49;660;616;-1
49;675;818;-1
49;679;470;-1
49;691;145;-1
49;692;896;-1
49;695;905;-1
49;699;887;-1
49;712;132;-1
49;724;687;-1
49;731;908;-1
49;742;484;-1
49;742;531;-1
49;748;696;-1
49;751;815;-1
49;762;21;-1
49;766;402;-1
49;779;602;-1
49;783;239;-1
49;789;687;-1
49;812;313;-1
49;821;120;-1
49;839;965;-1
49;843;165;-1
49;852;896;-1
49;871;925;-1
49;879;799;-1
49;885;934;-1
49;893;172;-1
49;901;167;-1
49;912;420;-1
49;918;375;-1
49;919;63;-1
51;928;491;-1
49;929;892;-1
49;958;870;-1
49;976;520;-1
49;979;357;-1
49;994;517;-1
49;997;340;-1
50;16;836;-1
50;116;134;-1
50;123;32;-1
50;139;95;-1
50;174;47;-1
50;294;734;-1
50;309;489;-1
50;318;320;-1
50;328;805;-1
50;347;498;-1
50;360;721;-1
50;367;502;-1
50;371;312;-1
50;417;227;-1
50;424;152;-1
50;443;560;-1
50;451;952;-1
50;458;228;-1
50;461;529;-1
50;492;924;-1
50;499;511;-1
50;507;11;-1
50;521;122;-1
50;525;668;-1
50;537;374;-1
50;546;534;-1
50;550;687;-1
50;569;288;-1
50;575;885;-1
50;585;590;-1
50;589;333;-1
50;607;732;-1
50;614;387;-1
50;621;932;-1
50;629;334;-1
50;631;330;-1
51;646;834;-1
50;688;922;-1
50;710;788;-1
50;713;405;-1
50;720;695;-1
50;741;849;-1
50;744;205;-1
50;764;896;-1
50;768;835;-1
50;781;685;-1
50;788;476;-1
50;790;515;-1
50;790;786;-1
50;802;408;-1
50;805;300;-1
50;819;903;-1
50;829;617;-1
50;830;371;-1
50;832;330;-1
50;836;810;-1
50;846;914;-1
50;936;596;-1
50;942;616;-1
50;957;881;-1
50;963;294;-1
50;976;282;-1
50;980;846;-1
51;3;845;-1
51;30;736;-1
51;37;849;-1
51;63;843;-1
51;190;580;-1
51;293;713;-1
51;296;770;-1
51;321;788;-1
51;328;296;-1
51;358;882;-1
52;369;209;-1
51;388;692;-1
51;393;313;-1
51;417;173;-1
51;460;330;-1
52;476;369;-1
51;512;669;-1
51;535;384;-1
51;556;31;-1
52;557;545;-1
51;573;25;-1
51;583;95;-1
51;600;475;-1
52;601;937;-1
51;610;186;-1
51;626;99;-1
51;638;826;-1
51;642;296;-1
51;669;466;-1
51;671;556;-1
51;680;219;-1
51;680;485;-1
51;693;943;-1
51;702;737;-1
51;705;400;-1
51;715;914;-1
51;723;568;-1
51;729;762;-1
51;749;640;-1
51;752;685;-1
51;755;89;-1
51;764;676;-1
51;779;11;-1
51;784;98;-1
51;847;164;-1
51;883;487;-1
51;883;676;-1
51;885;553;-1
51;909;368;-1
51;913;691;-1
51;946;703;-1
52;955;466;-1
51;958;674;-1
51;973;583;-1
52;32;792;-1
52;112;846;-1
52;322;303;-1
52;353;475;-1
53;359;472;-1
52;383;453;-1
52;438;478;-1
52;441;463;-1
52;442;196;-1
52;454;319;-1
52;460;469;-1
53;479;191;-1
52;521;946;-1
52;567;534;-1
52;574;796;-1
52;589;231;-1
52;597;149;-1
52;624;285;-1
52;638;438;-1
52;638;718;-1
52;656;500;-1
52;660;239;-1
52;689;529;-1
52;701;854;-1
52;748;467;-1
52;753;522;-1
52;753;717;-1
52;779;137;-1
52;784;81;-1
52;796;865;-1
52;799;788;-1
52;808;50;-1
52;817;929;-1
52;822;833;-1
52;856;516;-1
52;856;684;-1
52;878;522;-1
52;884;506;-1
52;884;660;-1
53;898;396;-1
52;901;9;-1
52;906;453;-1
52;910;930;-1
52;918;599;-1
52;928;647;-1
52;932;551;-1
52;940;454;-1
52;974;355;-1
52;981;523;-1
52;994;618;-1
53;43;889;-1
53;56;769;-1
53;82;827;-1
53;137;886;-1
53;392;702;-1
53;402;762;-1
53;447;180;-1
53;453;488;-1
53;455;213;-1
53;458;354;-1
53;463;478;-1
53;491;188;-1
53;524;389;-1
53;554;437;-1
53;561;559;-1
53;570;546;-1
53;575;162;-1
53;582;469;-1
53;593;841;-1
53;603;825;-1
53;621;70;-1
53;630;382;-1
53;657;858;-1
53;676;830;-1
53;680;196;-1
53;686;742;-1
53;700;176;-1
53;710;844;-1
53;731;160;-1
53;739;405;-1
53;747;181;-1
53;770;381;-1
53;777;144;-1
53;796;174;-1
53;803;300;-1
53;809;384;-1
53;814;368;-1
53;814;962;-1
53;832;49;-1
53;841;313;-1
53;842;819;-1
53;844;119;-1
53;859;915;-1
53;864;543;-1
53;887;136;-1
53;892;701;-1
53;893;37;-1
53;901;766;-1
53;918;688;-1
53;928;673;-1
53;929;630;-1
53;931;747;-1
53;957;482;-1
53;962;745;-1
53;972;542;-1
53;986;602;-1
54;311;342;-1
54;318;886;-1
54;339;900;-1
54;394;148;-1
54;395;219;-1
54;402;723;-1
54;418;249;-1
54;434;237;-1
54;434;462;-1
54;511;195;-1
54;524;319;-1
54;568;166;-1
54;568;225;-1
54;572;320;-1
54;572;661;-1
54;587;56;-1
55;596;804;-1
54;607;557;-1
55;610;204;-1
54;616;852;-1
54;634;785;-1
54;637;779;-1
55;651;508;-1
54;655;433;-1
54;658;211;-1
54;664;469;-1
54;675;529;-1
55;678;856;-1
54;686;657;-1
54;689;663;-1
54;693;265;-1
55;695;409;-1
54;702;392;-1
54;720;870;-1
54;727;399;-1
54;733;374;-1
54;753;162;-1
54;753;291;-1
54;790;61;-1
54;791;780;-1
54;809;324;-1
54;810;586;-1
54;812;414;-1
54;814;340;-1
54;827;440;-1
54;832;297;-1
54;839;339;-1
54;841;915;-1
54;847;911;-1
54;853;76;-1
54;855;66;-1
54;872;24;-1
54;891;375;-1
54;895;927;-1
54;917;588;-1
54;927;354;-1
54;932;366;-1
54;944;411;-1
54;954;420;-1
55;957;871;-1
54;961;715;-1
54;962;846;-1
54;972;337;-1
55;979;727;-1
55;170;44;-1
55;280;738;-1
55;307;486;-1
55;321;752;-1
55;388;719;-1
55;389;337;-1
55;417;731;-1
55;483;438;-1
55;486;415;-1
55;500;195;-1
55;519;144;-1
55;553;186;-1
55;560;62;-1
55;574;413;-1
55;595;565;-1
55;605;788;-1
55;613;451;-1
55;633;249;-1
55;640;843;-1
55;642;259;-1
56;664;473;-1
55;664;510;-1
55;675;275;-1
55;683;802;-1
55;694;954;-1
56;694;683;-1
55;701;395;-1
55;703;685;-1
55;703;851;-1
55;707;645;-1
55;709;702;-1
55;711;264;-1
55;723;369;-1
55;725;646;-1
55;743;895;-1
55;748;706;-1
55;772;122;-1
55;780;324;-1
55;792;310;-1
55;810;825;-1
55;830;322;-1
55;831;136;-1
55;842;94;-1
55;858;42;-1
55;894;496;-1
55;901;389;-1
55;918;870;-1
56;922;429;-1
55;927;481;-1
55;928;948;-1
55;955;454;-1
55;973;373;-1
55;976;607;-1
55;995;546;-1
56;2;853;-1
56;379;191;-1
56;407;367;-1
56;431;405;-1
57;438;277;-1
56;462;460;-1
56;469;378;-1
56;518;381;-1
57;535;385;-1
56;549;368;-1
56;554;830;-1
56;577;831;-1
56;581;819;-1
56;593;387;-1
56;628;762;-1
56;631;919;-1
56;643;264;-1
56;662;767;-1
56;717;761;-1
56;718;385;-1
56;730;386;-1
56;737;733;-1
56;741;303;-1
56;743;783;-1
57;744;850;-1
56;790;427;-1
56;791;299;-1
56;792;454;-1
56;796;334;-1
56;797;341;-1
56;810;818;-1
56;811;305;-1
56;826;682;-1
56;828;814;-1
57;829;341;-1
56;838;329;-1
56;857;50;-1
56;862;502;-1
57;864;696;-1
56;883;398;-1
56;885;761;-1
56;895;468;-1
56;897;737;-1
56;908;585;-1
56;931;790;-1
56;932;649;-1
56;935;840;-1
56;940;461;-1
56;944;405;-1
58;947;661;-1
56;952;426;-1
56;953;922;-1
56;961;589;-1
56;977;581;-1
58;392;204;-1
57;435;353;-1
57;447;180;-1
57;475;269;-1
57;479;507;-1
57;496;412;-1
57;533;316;-1
57;534;213;-1
58;565;150;-1
57;584;528;-1
57;603;361;-1
57;608;38;-1
58;620;470;-1
57;625;569;-1
57;639;751;-1
57;642;885;-1
57;658;496;-1
57;665;676;-1
57;666;765;-1
57;688;911;-1
57;706;226;-1
57;720;698;-1
57;755;798;-1
57;773;434;-1
57;790;321;-1
57;801;322;-1
57;824;325;-1
57;830;411;-1
57;837;735;-1
57;841;106;-1
57;871;962;-1
57;874;89;-1
57;888;136;-1
57;919;520;-1
57;921;777;-1
57;923;474;-1
57;957;514;-1
57;971;378;-1
57;975;668;-1
57;996;448;-1
58;465;308;-1
58;473;243;-1
58;526;327;-1
58;632;384;-1
59;633;469;-1
58;648;856;-1
59;650;268;-1
58;662;371;-1
58;664;918;-1
58;665;509;-1
58;673;453;-1
58;731;276;-1
58;738;715;-1
58;788;360;-1
59;793;335;-1
58;811;329;-1
58;852;56;-1
58;885;562;-1
58;978;545;-1
58;997;437;-1
58;997;591;-1
59;191;25;-1
59;432;205;-1
60;543;835;-1
59;549;148;-1
59;585;373;-1
59;624;348;-1
59;629;482;-1
59;636;498;-1
59;669;855;-1
59;682;747;-1
59;687;430;-1
59;689;419;-1
59;710;396;-1
59;737;733;-1
59;758;733;-1
60;759;388;-1
59;772;96;-1
59;785;895;-1
60;787;308;-1
59;796;906;-1
59;838;307;-1
59;889;802;-1
59;906;534;-1
59;938;806;-1
59;967;758;-1
59;981;449;-1
59;984;591;-1
60;323;806;-1
60;437;383;-1
60;480;250;-1
60;545;233;-1
60;580;243;-1
60;581;376;-1
61;586;435;-1
60;656;733;-1
60;697;692;-1
60;699;952;-1
60;708;329;-1
60;759;749;-1
60;759;842;-1
60;780;834;-1
60;790;953;-1
60;802;330;-1
60;829;298;-1
60;848;409;-1
60;859;900;-1
61;887;816;-1
60;914;711;-1
60;960;635;-1
60;971;929;-1
61;996;386;-1
61;335;801;-1
61;582;783;-1
61;685;324;-1
61;685;932;-1
61;754;385;-1
62;762;372;-1
61;762;755;-1
61;768;739;-1
62;782;330;-1
61;795;115;-1
61;816;390;-1
61;818;344;-1
61;830;306;-1
61;832;915;-1
61;945;405;-1
61;947;900;-1
61;954;712;-1
62;969;788;-1
61;972;862;-1
61;983;480;-1
63;542;438;-1
62;547;389;-1
63;562;413;-1
62;576;800;-1
62;691;282;-1
62;710;397;-1
62;725;427;-1
62;726;767;-1
62;726;912;-1
62;751;785;-1
62;769;964;-1
62;783;256;-1
62;794;423;-1
62;794;774;-1
62;795;307;-1
62;874;800;-1
63;579;849;-1
63;706;274;-1
63;746;768;-1
63;748;371;-1
63;805;358;-1
63;806;300;-1
63;808;317;-1
63;845;37;-1
63;907;781;-1
63;940;877;-1
63;987;728;-1
64;607;812;-1
64;635;477;-1
64;636;429;-1
64;706;360;-1
65;751;346;-1
64;805;794;-1
64;815;928;-1
64;818;349;-1
64;818;899;-1
64;837;330;-1
64;859;926;-1
64;882;939;-1
66;557;406;-1
66;567;801;-1
65;745;944;-1
66;785;404;-1
65;796;318;-1
65;831;325;-1
65;934;865;-1
66;627;436;-1
66;669;716;-1
66;724;295;-1
66;726;856;-1
66;743;926;-1
66;756;920;-1
66;762;958;-1
66;790;298;-1
66;834;312;-1
66;844;805;-1
66;969;788;-1
67;296;743;-1
67;564;413;-1
67;580;450;-1
67;621;414;-1
67;669;891;-1
67;712;404;-1
67;713;326;-1
67;724;286;-1
67;733;297;-1
67;733;890;-1
67;740;831;-1
67;762;377;-1
67;763;794;-1
67;783;792;-1
67;785;799;-1
67;790;375;-1
67;802;329;-1
67;806;907;-1
67;816;334;-1
67;822;879;-1
67;825;820;-1
67;839;308;-1
67;840;760;-1
67;847;914;-1
67;854;803;-1
67;867;778;-1
67;880;916;-1
67;905;921;-1
67;918;801;-1
67;970;953;-1
67;982;834;-1
67;994;836;-1
29;150;378;1
29;150;378;1
28;150;378;1
29;150;378;1
28;150;378;1
29;150;378;1
28;150;378;1
31;151;378;-1
26;150;378;-1
31;151;378;-1
24;150;376;-1
25;149;378;-1
27;187;99;2
27;188;99;2
27;187;99;2
27;188;99;2
27;187;99;2
27;188;99;2
24;506;713;3
24;506;713;3
24;506;713;3
24;506;713;3
24;506;713;3
24;506;713;3
24;506;713;3
24;506;713;3
24;506;713;3
24;506;713;3
24;506;713;3
24;506;713;3
23;506;713;3
24;506;713;3
23;506;713;3
24;506;713;3
23;506;713;3
24;506;713;3
28;2;125;4
28;3;125;4
28;2;125;4
25;3;124;-1
27;948;4;-1
26;948;5;-1
25;520;55;-1
25;520;55;-1
27;540;103;-1
29;540;103;-1
26;540;102;-1
26;747;4;-1
26;746;4;-1
25;793;42;-1
24;871;57;-1
29;51;168;5
29;51;168;5
32;53;167;-1
29;51;168;5
31;53;167;-1
27;60;274;-1
30;62;274;-1
25;61;273;-1
28;101;32;-1
28;101;32;-1
28;179;73;-1
28;178;73;-1
31;180;74;-1
29;186;21;-1
25;186;20;-1
30;185;22;-1
26;216;300;-1
28;226;62;6
27;227;61;6
28;226;62;6
30;230;244;-1
27;229;243;-1
28;253;12;-1
26;288;66;-1
30;287;66;-1
26;295;12;-1
25;329;35;-1
29;350;173;-1
29;351;173;-1
27;371;141;-1
27;372;141;-1
26;377;107;-1
27;377;108;-1
26;431;51;-1
27;431;50;-1
30;431;51;-1
28;453;132;7
28;453;132;7
28;454;132;7
29;459;191;8
27;459;191;-1
29;460;191;8
29;458;192;8
27;497;112;-1
27;497;112;-1
29;551;157;9
29;550;158;9
28;550;157;9
29;551;157;9
27;778;102;10
27;778;102;10
27;778;102;10
31;778;102;-1
26;805;50;-1
29;807;50;-1
26;811;72;-1
26;877;116;-1
27;877;115;-1
28;892;188;-1
25;891;188;-1
28;934;1;11
27;934;1;11
29;935;2;11
28;988;161;12
28;988;161;12
31;988;161;-1
27;987;161;12
29;2;457;-1
29;2;457;-1
30;5;57;-1
31;5;58;-1
27;7;57;-1
33;5;60;-1
31;12;363;-1
31;12;363;-1
27;12;363;-1
30;32;261;13
30;32;261;13
31;31;262;13
27;171;135;-1
27;176;211;-1
30;177;212;-1
31;187;154;-1
27;188;154;-1
31;188;155;-1
27;204;11;-1
28;231;315;-1
28;230;316;-1
27;237;204;-1
31;238;205;-1
36;246;56;-1
28;244;58;-1
34;245;55;-1
34;246;57;-1
30;270;138;-1
29;270;138;-1
33;270;136;-1
27;276;144;-1
27;305;81;-1
27;320;155;-1
28;322;446;-1
28;322;445;-1
29;324;453;14
30;325;453;14
29;324;453;14
29;336;102;15
29;336;101;15
29;335;101;15
27;344;63;-1
27;358;35;-1
27;413;8;-1
29;414;7;-1
26;413;300;-1
29;429;23;-1
27;430;22;-1
28;431;220;-1
31;429;222;-1
28;438;11;-1
29;438;12;-1
31;440;10;-1
27;467;6;-1
30;488;103;-1
27;487;103;-1
27;502;157;-1
29;520;468;-1
29;521;468;-1
27;526;187;-1
30;526;188;-1
27;537;153;-1
27;536;153;-1
27;548;220;-1
27;655;27;-1
27;657;24;-1
30;680;1;-1
30;679;1;-1
27;724;97;-1
27;728;95;-1
27;740;228;-1
28;743;112;-1
27;754;384;-1
26;771;117;-1
28;782;254;-1
28;782;254;-1
32;784;254;-1
29;795;83;-1
33;795;84;-1
30;791;86;-1
27;796;83;-1
30;793;83;-1
27;799;210;-1
28;799;209;-1
26;813;93;-1
28;823;90;-1
29;863;70;16
29;863;70;16
29;864;69;16
28;884;564;-1
29;884;564;-1
27;892;46;-1
28;891;45;-1
29;922;388;-1
29;922;388;-1
27;945;67;-1
29;955;380;-1
29;955;381;-1
27;967;86;-1
30;977;183;-1
27;977;183;-1
30;977;184;-1
27;997;260;-1
29;3;325;-1
32;5;31;-1
28;4;30;-1
27;10;282;-1
27;10;183;-1
27;11;57;-1
28;35;343;-1
29;42;153;-1
28;43;154;-1
30;48;356;-1
31;48;357;-1
27;47;355;-1
28;57;155;-1
32;55;155;-1
27;73;145;-1
30;77;236;17
33;77;237;-1
30;77;235;17
30;76;237;17
28;77;319;-1
32;77;319;-1
33;90;680;-1
30;91;681;-1
33;88;681;-1
27;108;154;-1
28;132;2;-1
29;135;143;-1
30;134;143;-1
30;163;113;-1
32;162;115;-1
33;164;114;-1
30;165;476;-1
29;164;476;-1
28;182;439;-1
32;185;535;18
32;185;535;18
31;184;536;18
32;185;535;18
28;191;437;-1
32;193;65;-1
29;195;65;-1
33;193;65;-1
37;192;64;-1
30;195;66;-1
36;193;66;-1
31;197;499;-1
28;196;498;-1
30;226;562;-1
33;226;562;-1
28;234;212;-1
29;237;185;-1
30;237;185;-1
31;257;26;-1
28;257;25;-1
28;286;233;-1
28;301;605;-1
32;301;606;-1
27;330;276;-1
28;337;138;-1
27;341;161;-1
28;349;117;-1
33;349;143;19
33;349;143;19
32;349;144;19
27;350;145;-1
36;350;145;-1
27;361;38;-1
28;380;18;-1
30;378;17;-1
32;398;1;-1
31;397;1;-1
28;439;344;-1
28;455;213;-1
29;461;288;-1
29;461;288;-1
28;487;231;-1
29;497;293;-1
30;498;294;-1
27;501;46;-1
28;525;106;-1
30;529;14;-1
28;530;13;-1
27;531;28;-1
30;537;297;20
29;537;297;20
30;538;297;20
27;588;78;-1
28;630;98;-1
28;629;99;-1
28;639;205;-1
31;640;205;-1
28;657;214;-1
28;668;68;-1
28;674;195;-1
29;679;493;-1
30;679;493;-1
28;722;71;-1
30;722;72;-1
29;730;56;-1
27;745;299;-1
28;751;217;-1
28;757;427;-1
28;759;155;-1
28;800;19;-1
28;802;353;-1
28;813;374;-1
28;866;241;-1
28;880;61;-1
28;882;387;-1
29;882;389;-1
30;893;524;21
30;893;524;21
29;893;524;21
29;894;524;21
29;899;51;-1
29;899;51;-1
27;919;60;-1
27;939;217;-1
27;954;177;-1
29;983;82;-1
30;983;82;-1
34;979;81;-1
28;986;4;-1
30;992;657;22
30;992;657;22
30;992;657;22
27;994;344;-1
29;2;16;-1
28;9;766;-1
32;17;325;-1
29;17;326;-1
29;42;175;-1
30;44;176;-1
32;61;165;-1
28;60;165;-1
29;65;288;-1
29;84;134;-1
30;90;579;-1
32;98;142;-1
32;98;142;-1
29;103;16;-1
29;103;16;-1
28;109;463;-1
31;125;457;-1
32;126;457;-1
30;152;314;-1
29;188;130;-1
28;198;363;-1
31;200;67;-1
30;199;66;-1
29;233;302;-1
30;235;303;-1
30;236;167;-1
31;237;167;-1
30;250;198;-1
34;251;198;-1
30;250;198;-1
31;255;218;-1
28;254;219;-1
30;265;154;-1
30;265;152;-1
32;269;156;-1
29;272;168;-1
28;275;12;-1
30;285;89;23
30;285;89;23
31;286;89;23
30;286;38;-1
30;291;131;-1
33;292;132;-1
35;294;130;-1
30;291;131;-1
31;306;386;-1
32;306;385;-1
31;317;87;-1
29;333;26;-1
32;352;55;-1
29;352;54;-1
33;352;55;-1
29;353;254;-1
31;354;254;-1
29;356;20;-1
29;356;18;-1
30;375;340;-1
31;375;340;-1
30;380;423;-1
32;381;422;-1
28;381;422;-1
29;401;321;-1
31;427;429;-1
31;428;428;-1
31;429;237;-1
31;429;238;-1
29;443;444;-1
29;443;444;-1
30;478;230;-1
31;478;230;-1
28;494;417;-1
31;509;183;-1
32;509;183;-1
28;518;500;-1
31;526;418;24
31;526;418;24
31;526;418;24
34;528;418;-1
29;533;250;-1
30;570;161;-1
30;608;46;-1
28;634;77;-1
32;651;212;-1
32;651;213;-1
30;650;214;-1
28;671;58;-1
29;709;351;-1
29;724;290;-1
28;727;47;-1
30;727;296;-1
29;741;117;-1
28;758;78;-1
29;760;250;-1
29;772;49;-1
30;784;732;-1
32;785;732;-1
30;789;3;-1
32;789;4;-1
29;788;3;-1
29;788;97;-1
30;792;185;-1
29;791;942;-1
30;790;943;-1
28;798;120;-1
28;801;105;-1
28;801;193;-1
31;802;229;-1
31;802;229;-1
33;808;83;-1
30;810;80;-1
30;808;83;-1
28;818;396;-1
28;820;460;-1
30;826;230;-1
28;826;228;-1
29;832;517;-1
29;848;364;-1
30;874;297;25
30;874;297;25
31;875;297;25
29;898;334;-1
30;933;179;-1
31;934;179;-1
31;944;646;-1
30;945;647;-1
31;982;14;-1
29;981;15;-1
30;983;164;-1
30;985;675;-1
29;985;674;-1
29;986;146;-1
28;989;223;-1
29;995;154;-1
30;9;283;-1
31;13;785;-1
34;14;785;-1
31;13;783;-1
32;27;284;-1
33;27;284;-1
30;50;235;-1
31;54;271;-1
30;54;270;-1
36;55;271;-1
30;85;554;-1
30;100;262;-1
32;114;288;-1
29;113;287;-1
31;116;611;-1
30;123;95;-1
32;124;94;-1
29;126;136;-1
30;137;637;-1
30;154;540;-1
30;165;14;-1
30;163;14;-1
29;167;422;-1
32;184;96;-1
31;184;96;-1
30;190;77;-1
29;202;343;-1
31;202;402;-1
32;203;402;-1
34;202;496;-1
30;202;495;-1
30;212;244;-1
29;217;518;-1
30;224;35;-1
30;224;36;-1
31;225;91;-1
38;226;89;-1
33;226;92;-1
29;243;579;-1
32;249;48;-1
32;249;48;-1
30;251;144;-1
30;253;330;-1
30;254;328;-1
30;257;13;-1
37;258;13;-1
29;279;270;-1
31;283;835;-1
30;282;836;-1
30;300;119;-1
30;309;231;-1
30;324;276;-1
30;326;600;-1
30;332;528;-1
31;348;427;-1
29;350;705;-1
30;372;41;-1
29;378;26;-1
32;388;286;-1
32;387;286;-1
30;406;636;-1
32;433;266;-1
33;433;266;-1
30;432;267;-1
29;438;350;-1
31;457;66;-1
32;458;67;-1
34;456;68;-1
30;466;31;-1
30;467;71;-1
31;486;422;-1
30;490;41;-1
30;498;72;-1
35;498;70;-1
31;500;73;-1
30;509;218;-1
30;520;782;-1
31;524;919;-1
30;530;167;-1
30;551;185;-1
31;555;192;-1
33;562;378;-1
31;563;377;-1
32;568;25;-1
32;567;25;-1
30;569;27;-1
30;579;240;-1
30;584;232;-1
31;598;450;-1
32;600;310;26
32;601;310;26
31;600;310;26
29;675;247;-1
30;676;83;-1
30;690;178;-1
30;693;515;-1
31;699;646;-1
31;699;646;-1
29;719;81;-1
29;726;500;-1
31;731;503;-1
32;732;503;-1
30;739;326;-1
30;742;340;-1
30;746;602;-1
33;747;602;-1
30;764;171;-1
31;780;78;-1
33;784;136;-1
34;783;136;-1
31;787;13;-1
30;789;162;-1
33;794;385;-1
31;794;386;-1
33;795;385;-1
31;802;310;-1
32;800;311;-1
32;815;544;-1
33;816;545;-1
30;832;380;-1
30;833;379;-1
31;835;537;27
31;834;538;27
32;835;537;27
31;835;410;-1
33;836;411;-1
31;835;410;-1
30;842;642;-1
31;846;406;-1
30;852;1;-1
31;854;417;-1
31;855;71;-1
29;856;69;-1
30;856;117;-1
30;856;117;-1
30;864;768;-1
30;873;517;-1
30;873;517;-1
29;874;379;-1
30;877;386;-1
30;883;328;-1
32;892;605;-1
31;891;604;-1
29;893;2;-1
31;909;399;-1
30;928;336;-1
31;929;337;-1
33;927;337;-1
32;929;363;28
33;929;363;28
33;929;362;28
32;930;363;28
30;935;25;-1
31;935;119;-1
31;950;307;-1
33;951;230;-1
29;951;230;-1
31;971;756;-1
31;972;756;-1
31;976;370;-1
31;976;368;-1
32;980;839;-1
31;980;839;-1
30;982;338;-1
29;987;358;-1
30;5;673;-1
30;17;499;-1
30;18;18;-1
31;24;239;-1
33;30;183;-1
30;29;183;-1
34;37;142;-1
31;37;141;-1
34;36;142;-1
32;35;453;-1
33;38;697;-1
36;39;696;-1
33;38;698;-1
32;41;502;-1
32;41;502;-1
35;41;503;-1
30;48;244;-1
34;54;335;-1
33;55;335;-1
30;57;313;-1
30;58;131;-1
30;60;694;-1
31;65;324;-1
31;85;109;-1
33;94;87;-1
31;104;109;-1
30;110;19;-1
30;137;670;-1
31;149;504;-1
31;147;503;-1
34;148;505;-1
33;187;800;-1
30;187;801;-1
31;207;844;-1
30;208;55;-1
30;214;548;-1
35;214;294;-1
30;215;295;-1
33;219;78;-1
31;226;511;-1
33;241;16;-1
35;239;14;-1
37;241;12;-1
33;240;13;-1
31;249;21;-1
31;252;126;-1
31;252;914;-1
31;257;764;-1
31;277;558;-1
33;280;466;29
34;280;467;29
32;279;466;29
33;286;422;-1
33;287;422;-1
32;297;214;30
33;296;215;30
33;297;213;30
30;299;211;-1
31;303;417;-1
32;303;626;-1
34;308;315;-1
30;307;315;-1
31;311;118;-1
31;338;605;-1
32;340;331;-1
32;340;330;-1
40;340;331;-1
31;342;41;-1
32;349;785;-1
34;349;785;-1
32;353;37;-1
31;352;38;-1
33;352;447;-1
33;351;447;-1
31;359;155;-1
31;360;8;-1
30;360;223;-1
30;367;704;-1
33;374;747;-1
32;373;747;-1
30;382;29;-1
31;381;519;-1
32;395;411;-1
33;395;411;-1
31;395;23;-1
32;395;23;-1
31;423;667;-1
32;423;668;-1
31;426;412;-1
32;440;483;-1
35;441;483;-1
32;447;11;-1
32;458;795;-1
34;459;795;-1
31;459;795;-1
31;479;436;-1
32;482;825;-1
32;482;825;-1
34;483;824;-1
31;491;254;-1
32;496;799;-1
34;497;799;-1
30;502;850;-1
30;506;92;-1
31;505;279;-1
32;510;924;-1
30;510;922;-1
33;529;75;-1
32;531;75;-1
36;530;76;-1
34;532;153;-1
34;532;153;-1
31;532;153;-1
33;539;367;31
32;539;366;31
31;540;366;31
31;548;505;-1
31;549;320;-1
31;549;517;-1
31;551;303;-1
32;552;304;-1
32;555;36;-1
31;554;34;-1
31;555;38;-1
31;557;467;-1
31;568;264;-1
31;584;228;-1
32;604;129;-1
33;664;432;-1
33;664;432;-1
31;678;128;-1
32;681;821;-1
32;696;219;-1
31;699;62;-1
30;715;561;-1
31;719;508;-1
34;724;750;-1
30;725;751;-1
30;728;614;-1
30;742;200;-1
31;744;943;-1
32;743;943;-1
31;745;373;-1
31;750;324;-1
30;766;683;-1
32;770;217;-1
31;773;40;-1
30;774;39;-1
31;774;264;-1
33;781;153;-1
30;779;154;-1
31;793;328;-1
31;796;155;-1
30;809;403;-1
33;812;423;-1
32;813;836;-1
31;813;836;-1
32;815;390;-1
30;814;390;-1
30;821;462;-1
30;822;521;-1
31;830;302;-1
30;849;148;-1
31;863;299;-1
31;864;544;-1
31;895;58;-1
31;896;641;-1
31;904;85;-1
31;922;544;-1
30;927;307;-1
31;927;837;-1
32;926;836;-1
32;951;757;-1
31;950;758;-1
34;960;109;-1
31;961;425;-1
31;965;364;-1
31;983;646;-1
32;6;616;-1
32;7;616;-1
31;10;258;-1
32;10;766;-1
31;27;234;-1
32;34;320;-1
33;52;264;-1
34;52;264;-1
32;53;459;-1
32;56;952;-1
32;67;149;-1
32;100;17;-1
34;105;500;-1
32;105;501;-1
31;109;505;-1
34;113;476;-1
33;112;477;-1
31;127;149;-1
33;168;743;-1
36;170;743;-1
31;194;798;-1
31;233;13;-1
31;240;391;-1
31;245;308;-1
31;251;867;-1
32;251;865;-1
34;254;720;-1
31;255;720;-1
31;256;226;-1
33;269;277;-1
34;268;277;-1
31;275;14;-1
33;325;54;-1
32;331;814;-1
37;331;814;-1
32;334;499;-1
35;340;434;-1
35;340;434;-1
35;350;351;-1
34;348;350;-1
34;374;115;-1
31;374;259;-1
31;374;607;-1
32;376;557;-1
32;377;409;-1
32;378;251;-1
32;380;854;-1
36;386;620;-1
32;384;622;-1
36;386;621;-1
36;382;622;-1
33;390;248;-1
35;391;250;-1
32;402;356;-1
32;406;870;-1
31;414;676;-1
32;440;716;-1
32;453;381;-1
32;455;80;-1
33;455;266;-1
33;455;265;-1
32;463;124;-1
34;475;877;-1
33;475;876;-1
34;488;825;-1
35;489;824;-1
33;502;342;-1
33;504;163;-1
33;504;854;-1
32;520;348;-1
32;531;922;-1
32;531;923;-1
32;538;68;-1
34;548;181;32
34;548;181;32
34;548;181;32
32;557;789;-1
31;558;664;-1
31;567;183;-1
34;578;466;-1
34;578;465;-1
35;583;168;-1
31;582;167;-1
32;586;293;-1
34;587;292;-1
32;590;628;-1
32;616;225;-1
32;620;677;-1
32;651;339;-1
33;654;402;33
34;653;402;33
32;653;403;33
33;665;155;-1
32;678;472;-1
31;692;372;-1
32;700;835;-1
33;702;350;-1
32;704;928;-1
33;706;208;-1
32;714;454;-1
31;716;549;-1
32;718;0;-1
35;725;97;34
36;723;96;34
33;726;97;-1
36;724;98;34
32;726;122;-1
31;730;293;-1
32;731;452;-1
36;731;454;-1
32;738;74;-1
32;744;182;-1
32;745;425;-1
32;751;621;-1
31;752;677;-1
32;753;89;-1
34;774;196;-1
33;774;196;-1
31;783;182;-1
33;790;546;-1
32;789;545;-1
32;794;748;-1
32;806;280;-1
34;815;114;-1
32;814;113;-1
32;816;792;-1
33;818;270;-1
32;822;275;-1
32;825;120;-1
34;830;679;-1
34;830;679;-1
32;841;423;-1
33;841;649;-1
32;846;262;-1
31;850;491;-1
31;852;502;-1
31;858;802;-1
32;862;366;-1
33;863;443;-1
32;864;278;-1
32;864;679;-1
31;866;80;-1
32;876;682;-1
34;877;681;-1
33;879;635;-1
32;878;637;-1
34;886;247;-1
35;886;246;-1
31;886;247;-1
31;893;559;-1
34;897;958;-1
35;898;959;-1
32;907;207;-1
32;917;6;-1
31;926;954;-1
32;935;771;-1
33;943;422;-1
32;943;423;-1
32;955;877;-1
31;962;195;-1
33;964;561;-1
33;965;561;-1
34;965;859;-1
36;964;859;-1
31;971;30;-1
31;974;343;-1
32;974;353;-1
32;974;836;-1
36;974;836;-1
34;977;494;-1
34;977;494;-1
31;981;899;-1
32;982;921;-1
34;987;210;-1
31;987;209;-1
31;987;880;-1
32;992;42;-1
32;992;528;-1
31;997;186;-1
32;2;313;-1
33;19;802;-1
32;26;669;-1
33;67;242;-1
33;81;799;-1
32;94;574;-1
34;95;621;-1
33;96;159;0
33;110;912;-1
33;114;575;-1
32;126;31;-1
32;134;101;-1
35;177;29;-1
33;183;508;-1
35;200;634;-1
35;200;635;-1
35;209;111;-1
36;234;363;-1
34;233;363;-1
33;243;853;-1
33;248;579;-1
34;252;941;-1
36;253;942;-1
34;271;426;-1
37;272;426;-1
33;289;78;-1
33;288;78;-1
34;294;427;-1
33;295;425;-1
32;297;811;-1
35;309;456;-1
34;309;456;-1
33;318;779;-1
33;319;102;-1
33;332;475;-1
33;345;187;-1
33;346;823;-1
32;367;523;-1
33;399;336;-1
33;401;671;-1
33;404;109;-1
38;404;108;-1
32;417;548;-1
34;420;707;-1
35;419;707;-1
33;425;936;-1
35;424;936;-1
32;427;124;-1
33;434;10;-1
35;438;668;-1
35;438;668;-1
33;439;339;-1
34;450;504;-1
32;457;51;-1
33;471;335;-1
34;471;667;-1
36;471;668;-1
33;482;536;-1
33;482;43;-1
33;483;220;-1
34;484;387;-1
33;505;189;-1
35;515;71;-1
34;516;70;-1
33;527;854;-1
36;528;854;-1
33;533;43;-1
33;539;412;-1
33;538;412;-1
33;556;493;-1
33;561;27;-1
33;567;6;-1
33;570;513;-1
32;574;38;-1
33;575;786;-1
34;576;785;-1
33;583;304;-1
33;594;455;-1
35;595;361;-1
33;618;78;-1
33;628;443;-1
34;636;140;35
34;636;140;35
34;636;141;35
34;636;266;-1
33;643;125;-1
34;648;699;-1
34;647;700;-1
33;662;294;-1
34;679;775;-1
33;679;774;-1
33;687;323;-1
33;688;323;-1
34;732;407;-1
34;733;607;-1
33;733;606;-1
33;738;399;-1
33;738;398;-1
34;744;631;-1
33;744;631;-1
34;747;298;-1
33;755;766;-1
33;790;122;-1
34;793;538;-1
33;796;43;-1
35;796;42;-1
34;810;244;-1
35;810;245;-1
34;813;111;-1
33;845;571;-1
32;868;372;-1
34;890;645;-1
35;891;639;-1
35;891;640;-1
33;899;595;-1
34;928;387;-1
33;930;63;-1
35;944;137;-1
33;944;138;-1
33;945;754;-1
35;945;755;-1
32;958;745;-1
34;967;111;-1
34;966;111;-1
32;983;47;-1
33;988;12;-1
35;991;191;-1
35;991;191;-1
37;991;191;-1
32;994;688;-1
34;997;304;-1
35;997;303;-1
36;3;475;-1
38;3;476;-1
33;21;642;-1
36;84;541;-1
39;85;541;-1
35;85;540;-1
35;102;619;-1
35;101;619;-1
35;105;133;-1
33;107;4;-1
34;107;493;-1
37;113;804;-1
33;114;804;-1
33;116;48;-1
34;117;762;-1
34;124;548;-1
33;127;489;-1
34;168;86;-1
34;170;165;-1
39;171;165;-1
37;168;166;-1
34;186;610;-1
33;206;750;-1
36;218;885;-1
33;217;885;-1
34;241;723;-1
34;254;56;-1
33;266;154;-1
35;269;272;-1
35;268;488;-1
34;269;487;-1
35;272;381;-1
33;277;622;-1
34;279;72;-1
36;284;57;-1
34;286;687;-1
34;294;677;-1
34;295;103;-1
34;297;785;-1
33;296;889;-1
33;335;403;-1
35;335;461;-1
33;365;53;-1
36;365;900;-1
36;390;30;-1
35;391;30;-1
35;391;579;-1
38;389;582;-1
34;390;579;-1
36;392;55;-1
35;428;545;-1
37;430;30;-1
37;430;30;-1
36;428;32;-1
34;435;328;-1
37;448;25;36
39;448;26;-1
37;448;25;36
39;448;26;-1
36;448;24;36
34;453;807;-1
34;459;372;-1
36;469;121;-1
36;469;121;-1
33;470;109;-1
36;482;54;-1
36;482;54;-1
33;482;185;-1
33;488;119;-1
35;498;0;-1
37;498;0;-1
35;534;519;-1
35;534;520;-1
34;540;376;-1
34;541;942;-1
34;552;137;-1
34;557;182;-1
34;558;772;-1
34;601;439;-1
35;605;100;-1
34;607;631;-1
35;612;420;-1
35;612;420;-1
34;617;233;-1
33;626;742;-1
34;634;601;-1
33;665;652;-1
34;672;727;-1
34;675;70;-1
35;676;287;-1
36;675;287;-1
35;679;429;37
35;679;428;37
36;680;429;37
35;684;840;-1
36;685;839;-1
35;694;800;-1
36;694;801;-1
33;699;570;-1
35;705;148;-1
34;710;383;-1
34;720;463;-1
34;734;237;-1
35;738;274;-1
34;739;105;-1
34;749;288;-1
34;754;543;-1
34;794;132;-1
35;795;132;-1
34;805;223;-1
34;806;499;-1
34;806;499;-1
34;830;221;-1
35;861;408;-1
34;862;407;-1
33;873;414;-1
33;873;473;-1
33;874;471;-1
36;876;549;-1
36;876;549;-1
35;878;767;-1
35;878;768;-1
33;886;795;-1
33;900;899;-1
36;910;85;-1
34;919;768;-1
33;945;202;-1
35;950;130;-1
38;949;130;-1
33;959;359;-1
33;962;208;-1
33;967;732;-1
34;986;24;-1
34;991;394;-1
34;992;743;-1
35;13;278;-1
34;19;19;-1
35;22;617;-1
37;24;619;-1
36;24;619;-1
35;42;452;-1
36;72;768;-1
36;73;769;-1
34;93;112;-1
37;93;98;-1
36;93;99;-1
34;96;157;0
37;113;499;-1
39;112;500;-1
35;127;36;-1
39;129;643;-1
39;130;643;-1
35;130;642;-1
35;131;42;-1
34;140;76;-1
36;140;505;-1
35;141;504;-1
34;145;92;-1
36;161;911;-1
34;164;806;-1
34;171;126;-1
34;180;138;-1
34;180;83;-1
35;190;292;-1
35;199;82;-1
35;205;300;-1
35;234;956;-1
35;246;192;-1
36;248;191;-1
35;263;13;-1
35;262;86;-1
36;273;932;-1
35;274;931;-1
35;277;267;-1
39;276;266;-1
34;279;266;-1
35;279;781;-1
37;286;535;-1
39;288;534;-1
37;286;535;-1
35;287;710;-1
36;288;709;-1
35;300;634;-1
36;302;117;-1
37;320;690;-1
36;321;691;-1
35;322;879;-1
35;345;785;-1
34;346;75;-1
35;349;548;-1
34;351;954;-1
35;353;0;-1
35;354;267;-1
35;362;251;-1
36;369;932;-1
37;369;932;-1
36;377;384;-1
35;380;1;-1
35;381;35;-1
38;384;902;-1
35;386;902;-1
34;387;379;-1
34;389;199;-1
35;391;157;-1
35;395;97;-1
38;395;259;-1
38;395;259;-1
36;395;258;-1
37;405;820;-1
34;405;819;-1
35;423;547;-1
35;428;719;-1
34;439;290;-1
37;443;120;-1
36;442;119;-1
35;444;550;-1
35;445;550;-1
35;445;878;-1
34;456;77;-1
35;456;649;-1
36;457;722;-1
34;465;102;-1
36;465;337;-1
35;471;641;-1
36;474;680;-1
37;474;681;-1
35;482;193;-1
34;484;420;-1
36;505;896;-1
37;505;897;-1
35;513;408;-1
34;525;576;-1
34;527;107;-1
34;532;702;-1
34;547;13;-1
35;546;13;-1
35;553;123;-1
37;562;59;-1
34;562;59;-1
35;563;799;-1
36;564;799;-1
36;580;502;-1
38;579;501;-1
34;585;388;-1
35;587;423;-1
37;587;424;-1
35;587;205;-1
34;605;833;-1
35;624;470;-1
35;650;384;-1
36;656;776;-1
39;656;776;-1
35;660;114;-1
35;672;857;-1
36;678;965;-1
34;678;964;-1
34;680;694;-1
35;691;170;-1
34;705;228;-1
35;710;132;-1
35;711;731;-1
34;732;613;-1
35;732;958;-1
36;733;959;-1
35;744;103;-1
35;773;40;-1
35;773;615;-1
35;774;577;-1
35;776;247;-1
35;776;926;-1
36;787;337;-1
37;789;91;-1
37;788;91;-1
35;794;233;-1
35;795;891;-1
35;797;70;-1
34;802;311;-1
34;801;793;-1
35;812;714;-1
36;815;337;-1
34;820;547;-1
37;826;682;-1
36;830;741;-1
34;837;784;-1
36;842;731;-1
36;856;813;-1
35;857;813;-1
35;859;704;-1
35;881;478;-1
36;883;51;-1
37;882;51;-1
35;883;223;-1
34;885;755;-1
34;891;242;-1
35;893;478;-1
35;908;69;-1
35;918;242;-1
36;917;244;-1
34;925;190;-1
35;927;449;-1
35;928;68;-1
35;940;544;-1
36;941;282;38
36;941;282;38
36;940;283;38
35;948;239;-1
35;954;91;-1
36;959;182;-1
36;960;183;-1
37;963;544;39
37;963;545;39
37;962;544;39
39;964;545;-1
34;970;699;-1
35;984;362;-1
36;996;456;-1
37;997;456;-1
36;3;253;-1
35;3;701;-1
36;20;614;-1
37;27;248;40
36;27;247;40
38;27;249;40
38;26;645;-1
41;27;645;-1
36;27;807;-1
38;42;901;-1
40;43;900;-1
35;49;716;-1
36;54;135;-1
36;80;166;-1
36;94;84;-1
36;94;304;-1
36;98;270;-1
37;109;17;-1
41;109;18;-1
36;129;502;-1
37;161;818;-1
38;162;819;-1
35;163;669;-1
36;170;819;-1
36;178;57;-1
36;180;490;-1
36;186;792;-1
37;194;829;-1
37;195;829;-1
38;203;830;-1
35;204;830;-1
40;206;81;-1
36;207;80;-1
36;207;303;-1
36;218;99;-1
35;222;829;-1
36;226;38;-1
35;231;388;-1
35;233;890;-1
37;243;686;-1
38;247;364;-1
38;247;363;-1
36;249;15;-1
36;260;342;-1
35;268;290;-1
36;271;318;-1
37;277;837;-1
36;292;102;-1
36;303;624;-1
35;312;492;-1
36;315;215;-1
36;315;215;-1
37;322;331;-1
37;322;331;-1
36;332;14;-1
37;336;477;-1
36;339;126;-1
35;353;938;-1
36;356;35;-1
37;358;160;-1
35;361;538;-1
37;379;171;-1
37;385;108;-1
35;387;239;-1
36;396;394;-1
36;400;248;-1
35;403;402;-1
37;407;834;-1
37;411;757;-1
36;417;922;-1
36;421;744;-1
37;422;379;-1
35;422;765;-1
37;438;385;-1
38;439;385;-1
36;442;26;-1
36;446;34;-1
36;452;623;-1
36;456;135;-1
36;462;634;-1
35;463;457;-1
38;480;631;-1
39;482;631;-1
35;515;441;-1
35;515;929;-1
37;520;277;-1
35;521;276;-1
36;523;5;-1
37;522;5;-1
37;539;493;-1
38;538;494;-1
37;545;191;-1
39;553;21;-1
35;554;21;-1
37;570;630;-1
36;590;337;-1
37;601;5;-1
37;607;929;-1
38;607;929;-1
36;621;103;-1
37;633;121;-1
35;646;327;-1
38;682;64;-1
39;683;64;-1
38;684;127;-1
38;687;191;-1
37;688;190;-1
35;694;62;-1
36;711;258;-1
36;715;118;-1
37;722;168;-1
38;722;168;-1
36;727;204;-1
37;730;416;-1
37;736;319;-1
37;736;319;-1
36;739;345;-1
37;739;345;-1
36;743;559;-1
36;748;221;-1
35;766;651;-1
36;769;918;-1
36;768;917;-1
37;771;911;-1
35;771;912;-1
36;782;85;-1
37;783;85;-1
37;782;353;-1
36;789;635;-1
37;794;215;-1
37;793;215;-1
35;798;965;-1
35;799;339;-1
36;802;150;-1
36;812;607;-1
36;817;321;-1
36;820;843;-1
38;823;651;41
38;823;651;41
37;823;651;41
37;825;290;-1
37;826;290;-1
36;840;759;-1
36;839;758;-1
36;842;95;-1
36;852;861;-1
37;856;70;-1
37;856;69;-1
36;855;218;-1
35;865;36;-1
40;863;250;-1
40;863;251;-1
36;866;253;-1
37;869;938;-1
37;869;938;-1
36;881;242;-1
37;880;266;-1
38;882;266;-1
35;884;549;-1
37;898;436;42
38;898;437;42
37;898;436;42
36;902;287;-1
36;907;505;-1
37;908;504;-1
35;936;219;-1
37;972;730;-1
36;982;359;-1
35;990;797;-1
36;993;530;-1
37;8;934;-1
40;26;699;-1
37;25;698;-1
37;30;469;-1
39;35;633;-1
39;35;634;-1
38;48;726;-1
36;54;646;-1
37;66;138;-1
39;107;707;-1
39;107;707;-1
37;124;482;-1
37;166;542;-1
36;175;90;-1
37;219;128;-1
37;238;586;-1
36;250;300;-1
38;253;546;-1
37;254;545;-1
36;255;395;-1
37;258;233;-1
39;270;334;-1
38;270;335;-1
36;270;503;-1
37;273;209;-1
37;274;245;-1
38;276;246;-1
37;275;409;-1
37;278;643;-1
42;278;643;-1
37;286;817;-1
36;294;525;-1
38;308;446;-1
40;312;898;43
39;311;898;43
40;312;899;43
37;312;322;-1
37;324;752;-1
37;346;697;-1
37;358;364;-1
37;358;886;-1
37;369;103;-1
36;376;364;-1
37;401;454;-1
36;404;144;-1
38;409;306;-1
37;409;306;-1
36;414;431;-1
37;420;167;-1
37;423;594;-1
39;427;232;-1
38;427;232;-1
38;433;615;-1
38;433;615;-1
37;437;333;-1
38;436;334;-1
36;442;886;-1
40;445;79;-1
37;445;78;-1
37;453;14;-1
37;463;22;-1
36;477;465;-1
38;499;236;-1
39;498;236;-1
37;501;419;-1
37;506;255;-1
38;518;853;-1
38;518;852;-1
40;518;853;-1
38;520;251;-1
38;558;759;-1
38;558;760;-1
36;573;873;-1
39;588;299;-1
39;588;301;-1
37;602;605;-1
40;601;605;-1
37;618;98;-1
36;620;358;-1
37;622;225;-1
37;624;346;-1
37;626;405;-1
36;629;62;-1
42;630;43;-1
38;631;44;-1
42;628;45;-1
37;643;97;-1
37;667;869;-1
37;669;132;-1
37;674;912;-1
37;675;483;-1
42;686;433;-1
39;685;434;-1
42;687;433;-1
39;685;433;-1
36;691;288;-1
38;700;546;-1
38;704;86;-1
39;713;602;-1
38;712;602;-1
37;725;840;-1
39;743;156;-1
39;743;156;-1
36;752;162;-1
38;756;353;-1
38;761;631;-1
37;760;631;-1
36;783;174;-1
37;789;103;-1
37;801;787;-1
37;803;202;-1
38;803;202;-1
38;819;379;-1
37;821;379;-1
40;828;369;44
40;827;370;44
40;828;369;44
40;827;369;44
41;828;370;44
37;828;27;-1
37;856;663;-1
36;861;618;-1
38;868;749;-1
37;890;62;-1
38;893;244;45
39;894;244;45
38;893;245;45
37;905;354;-1
38;906;353;-1
38;913;965;-1
37;913;965;-1
37;914;353;-1
37;915;77;-1
37;921;77;-1
36;929;590;-1
37;935;190;-1
36;939;196;-1
39;943;362;-1
37;947;30;-1
39;953;332;-1
36;956;136;-1
36;961;802;-1
39;968;191;-1
39;969;191;-1
36;968;190;-1
39;975;147;-1
38;975;146;-1
38;67;208;-1
40;80;178;-1
41;79;177;-1
37;92;113;-1
41;97;139;-1
37;98;139;-1
37;105;4;-1
37;105;50;-1
38;129;95;-1
42;130;95;-1
38;129;112;-1
38;141;723;-1
37;143;19;-1
37;150;547;-1
38;155;757;-1
38;162;49;-1
40;161;48;-1
38;178;93;-1
37;179;105;-1
37;183;824;-1
37;209;71;-1
37;211;123;-1
37;213;673;-1
37;225;278;-1
37;234;590;-1
41;235;86;-1
40;235;85;-1
43;237;87;-1
41;242;737;-1
37;242;738;-1
37;269;137;-1
39;279;273;-1
41;298;494;-1
38;296;494;-1
38;318;617;-1
38;321;313;-1
38;326;393;-1
38;367;124;-1
38;370;599;-1
38;370;289;-1
38;371;510;-1
38;375;389;-1
42;377;389;-1
39;375;390;-1
37;379;298;-1
38;382;109;-1
37;383;488;-1
40;387;374;-1
39;393;176;-1
41;397;115;-1
41;397;115;-1
38;399;903;-1
37;401;5;-1
38;408;466;-1
41;412;653;-1
40;411;650;-1
41;412;653;-1
39;412;651;-1
38;417;876;-1
41;417;876;-1
37;419;306;-1
38;421;113;-1
37;426;836;-1
37;432;783;-1
39;437;758;-1
39;437;758;-1
39;440;201;-1
39;440;202;-1
38;442;871;-1
38;449;53;-1
38;452;160;-1
37;455;33;-1
38;461;616;-1
40;463;609;-1
40;463;609;-1
37;465;608;-1
37;464;495;-1
38;467;543;-1
38;469;459;-1
38;469;494;-1
38;472;530;-1
39;481;778;-1
39;481;778;-1
37;485;356;-1
40;488;457;-1
39;493;342;-1
37;496;24;-1
38;499;100;-1
38;502;33;-1
38;502;32;-1
40;503;470;-1
38;504;471;-1
43;504;471;-1
38;523;342;-1
38;524;342;-1
38;540;63;-1
40;544;46;-1
38;545;46;-1
38;552;713;-1
39;567;58;-1
39;568;60;-1
38;583;193;-1
41;589;207;-1
41;588;207;-1
37;588;963;-1
38;605;230;-1
38;633;904;-1
38;646;335;-1
38;654;649;-1
41;660;238;-1
41;660;237;-1
38;661;238;-1
43;661;240;-1
40;672;544;-1
40;672;544;-1
37;679;52;-1
38;678;54;-1
38;688;729;-1
38;695;479;-1
38;696;53;-1
37;697;450;-1
37;705;779;-1
38;706;189;-1
38;735;142;-1
40;761;592;-1
37;763;917;-1
38;767;758;-1
38;776;533;-1
38;790;214;-1
38;797;860;-1
40;802;504;-1
39;803;504;-1
37;804;511;-1
39;821;352;-1
40;821;352;-1
38;824;631;-1
39;836;297;-1
39;836;298;-1
38;839;266;-1
38;851;319;-1
37;851;549;-1
39;858;377;-1
41;858;376;-1
38;860;591;-1
38;861;446;-1
39;862;276;-1
38;863;476;-1
38;867;392;-1
39;891;597;-1
39;891;597;-1
38;907;445;-1
38;907;482;-1
38;913;311;-1
39;915;719;-1
41;917;719;-1
39;924;66;-1
42;925;65;-1
39;927;800;-1
43;927;799;-1
37;929;866;-1
38;932;685;-1
40;943;187;-1
38;943;186;-1
37;953;552;-1
38;958;77;-1
40;961;228;46
39;962;227;46
41;963;228;46
38;967;409;-1
38;972;10;-1
39;983;295;-1
39;983;295;-1
42;990;181;-1
40;991;181;-1
38;990;182;-1
38;991;595;-1
40;994;213;-1
38;994;212;-1
40;9;910;-1
41;10;912;-1
39;16;796;-1
39;27;213;-1
39;32;966;-1
39;103;920;-1
38;128;41;-1
39;138;545;-1
39;145;97;-1
39;154;152;-1
39;155;554;-1
39;157;725;-1
41;159;724;-1
39;170;134;-1
39;177;911;-1
38;199;595;-1
40;206;673;-1
44;207;673;-1
38;208;877;-1
39;232;320;-1
38;245;853;-1
43;276;621;-1
43;276;621;-1
41;296;230;-1
43;297;231;-1
39;302;881;-1
39;309;227;-1
40;329;718;-1
39;335;518;-1
39;338;157;-1
40;337;155;-1
42;337;647;47
42;337;647;47
48;337;646;-1
49;338;646;-1
42;337;647;47
38;366;225;-1
40;367;568;-1
39;366;568;-1
40;374;622;-1
41;374;622;-1
39;379;890;-1
39;379;395;-1
39;397;338;-1
39;399;339;-1
39;407;904;-1
38;422;678;-1
38;451;817;-1
39;481;121;-1
39;499;409;-1
40;503;767;-1
41;502;767;-1
41;510;355;-1
42;510;354;-1
39;511;196;-1
38;511;421;-1
39;518;102;-1
39;518;871;-1
42;527;437;-1
40;526;437;-1
39;527;691;-1
38;540;48;-1
42;548;915;-1
40;548;916;-1
39;559;515;-1
41;562;330;48
41;562;330;48
42;561;330;48
38;566;80;-1
39;582;216;-1
40;588;263;-1
40;589;262;-1
40;606;519;-1
41;606;520;-1
39;609;477;-1
41;626;357;-1
39;625;356;-1
39;637;305;-1
39;655;859;-1
39;655;860;-1
41;663;714;-1
41;664;713;-1
39;692;288;-1
40;694;19;-1
40;693;19;-1
38;699;703;-1
39;732;125;-1
39;731;126;-1
39;734;756;-1
38;736;168;-1
40;767;596;-1
40;775;922;-1
40;781;599;-1
38;790;131;-1
41;797;777;-1
41;797;776;-1
39;799;695;-1
39;807;701;-1
41;816;527;49
42;816;528;49
40;816;527;49
38;816;451;-1
40;830;113;-1
43;830;114;-1
40;830;384;-1
40;830;384;-1
39;849;516;-1
39;857;520;-1
39;865;582;-1
40;888;404;-1
39;903;256;-1
38;902;738;-1
39;913;67;-1
39;919;605;-1
39;927;270;-1
39;938;9;-1
39;947;578;-1
38;962;859;-1
40;978;558;-1
40;978;559;-1
40;18;768;-1
41;75;905;-1
42;77;905;-1
40;89;535;-1
41;97;157;-1
45;122;157;-1
46;121;157;-1
39;123;155;-1
40;150;134;-1
39;158;733;-1
40;218;113;-1
40;219;62;-1
40;245;7;-1
39;257;842;-1
39;271;613;-1
39;314;285;-1
39;337;673;-1
40;340;516;-1
39;349;780;-1
41;350;517;-1
41;350;518;-1
41;369;145;-1
42;368;143;-1
41;370;145;-1
39;381;600;-1
39;396;394;-1
40;400;321;-1
40;400;923;-1
44;401;578;-1
42;400;578;-1
42;411;623;-1
42;412;624;-1
43;412;830;-1
41;412;830;-1
42;415;629;-1
40;416;630;-1
39;418;705;-1
43;431;677;-1
40;432;677;-1
40;433;288;-1
41;441;64;-1
44;441;65;-1
39;454;257;-1
40;455;403;-1
41;462;288;-1
42;461;288;-1
44;463;287;-1
41;463;87;-1
41;463;87;-1
45;463;89;-1
40;472;223;-1
39;476;359;-1
39;480;61;-1
41;495;303;-1
39;495;328;-1
39;500;80;-1
40;514;56;-1
40;518;481;-1
41;519;482;-1
39;536;855;-1
40;540;655;-1
43;541;655;-1
40;547;874;-1
42;550;504;-1
42;550;504;-1
40;557;426;-1
40;569;953;-1
40;572;708;-1
40;581;699;-1
41;579;698;-1
39;594;9;-1
41;601;660;-1
42;601;722;-1
43;601;723;-1
41;608;562;-1
41;609;562;-1
40;632;938;-1
40;633;938;-1
39;637;250;-1
42;641;107;-1
39;640;108;-1
40;642;409;-1
40;643;927;-1
42;645;407;-1
42;659;8;-1
41;660;289;-1
45;660;288;-1
39;659;290;-1
40;665;480;-1
41;697;699;-1
41;698;700;-1
42;703;395;-1
39;703;394;-1
40;707;266;-1
41;709;281;-1
41;710;281;-1
40;709;429;-1
40;718;286;-1
40;719;497;-1
40;722;161;-1
39;728;204;-1
39;741;28;-1
41;753;167;50
42;754;167;50
43;753;167;50
40;760;118;-1
40;771;946;-1
41;785;674;-1
41;785;673;-1
42;786;160;-1
42;786;159;-1
40;818;898;-1
40;826;739;-1
42;830;584;51
42;830;584;51
42;829;583;51
42;852;371;-1
39;854;270;-1
40;854;544;-1
42;863;216;-1
42;863;217;-1
41;863;854;-1
41;863;854;-1
39;867;339;-1
42;878;80;-1
40;883;178;-1
39;897;907;-1
40;898;109;-1
43;898;110;-1
45;907;274;52
45;908;274;52
44;907;274;52
45;908;274;52
44;907;274;52
39;908;271;-1
46;908;275;52
39;921;121;-1
43;924;762;53
44;925;763;53
42;923;761;53
40;928;536;-1
40;934;408;-1
41;934;408;-1
40;941;258;-1
41;944;500;-1
40;944;500;-1
39;950;483;-1
40;961;699;-1
43;960;698;-1
39;960;835;-1
43;964;887;-1
42;964;887;-1
41;967;470;-1
41;968;469;-1
41;970;354;-1
45;970;354;-1
41;967;356;-1
40;970;353;-1
42;990;158;54
42;990;157;54
42;989;158;54
42;991;907;55
42;990;906;55
41;991;908;55
43;1;732;-1
40;101;799;-1
40;106;872;-1
41;107;84;-1
40;108;536;-1
41;109;535;-1
42;116;720;-1
41;117;720;-1
41;119;568;-1
42;129;162;-1
42;129;163;-1
43;132;568;-1
42;132;568;-1
41;165;110;-1
42;166;110;-1
42;174;53;-1
41;183;40;-1
41;194;95;-1
40;204;955;-1
41;212;114;-1
46;215;30;-1
43;215;30;-1
41;213;32;-1
44;221;849;-1
41;221;849;-1
42;254;640;-1
40;263;652;-1
40;273;496;-1
40;289;217;-1
41;297;218;-1
40;299;789;-1
41;300;691;-1
44;303;491;-1
41;303;490;-1
41;322;786;-1
44;325;246;-1
44;326;245;-1
41;328;784;-1
40;332;762;-1
40;341;399;-1
42;345;669;-1
41;350;251;-1
40;353;258;-1
41;363;881;-1
40;379;538;-1
41;391;375;-1
40;393;374;-1
42;396;707;-1
42;399;351;-1
40;408;382;-1
41;425;281;-1
40;426;275;-1
41;432;77;-1
42;438;146;-1
42;438;145;-1
40;444;629;-1
43;450;617;-1
41;451;616;-1
40;455;28;-1
44;456;502;-1
45;458;504;-1
40;456;500;-1
41;458;442;-1
42;470;53;-1
42;471;53;-1
42;467;53;-1
40;485;361;-1
41;487;159;-1
43;494;60;56
44;494;60;56
43;495;60;56
41;496;184;-1
41;497;101;-1
41;512;345;-1
41;521;190;-1
42;532;434;-1
42;536;189;-1
41;538;341;-1
40;540;10;-1
41;547;99;-1
41;552;174;-1
41;554;342;-1
41;553;343;-1
40;556;453;-1
40;557;862;-1
41;571;844;-1
44;603;92;-1
41;604;89;-1
45;603;93;-1
41;604;92;-1
40;603;921;-1
40;610;652;-1
40;611;256;-1
43;613;857;-1
40;613;857;-1
41;618;301;-1
41;640;516;-1
43;645;637;-1
43;644;637;-1
40;645;335;-1
41;670;387;-1
41;675;595;-1
41;674;596;-1
40;677;745;-1
41;679;53;-1
41;690;657;-1
41;693;14;-1
40;697;725;-1
41;704;412;-1
40;735;628;-1
43;738;266;-1
41;764;198;-1
41;764;198;-1
42;770;209;-1
42;770;209;-1
40;771;64;-1
40;778;658;-1
41;783;17;-1
40;782;181;-1
41;812;105;-1
44;811;106;-1
43;812;306;-1
41;817;195;-1
41;830;92;-1
43;831;92;-1
41;833;645;-1
43;835;469;-1
43;835;469;-1
50;838;185;-1
42;839;184;-1
48;837;184;-1
41;849;460;-1
41;850;560;-1
41;855;876;-1
44;864;227;-1
42;863;226;-1
40;863;461;-1
41;865;622;-1
42;865;782;-1
40;872;612;-1
41;884;956;-1
44;886;459;-1
42;885;459;-1
45;885;459;-1
40;885;687;-1
41;907;569;-1
41;907;887;-1
43;920;246;57
43;921;245;57
44;920;246;57
40;925;121;-1
41;927;311;-1
42;929;311;-1
41;956;93;-1
40;956;91;-1
42;957;908;-1
42;957;907;-1
40;968;9;-1
41;970;213;-1
40;992;154;-1
42;3;809;-1
42;6;683;-1
47;124;109;58
48;123;110;58
45;123;109;-1
43;124;109;-1
48;123;110;58
41;169;847;-1
41;256;498;-1
42;269;591;-1
42;273;480;-1
44;276;313;-1
47;277;317;-1
44;277;313;-1
46;277;317;-1
42;318;808;-1
42;326;545;-1
43;345;695;-1
41;347;183;-1
44;366;961;-1
44;366;961;-1
43;395;432;-1
41;404;100;-1
44;438;860;-1
44;438;858;-1
42;451;161;-1
42;460;337;-1
43;469;678;-1
42;470;677;-1
42;484;456;-1
41;487;454;-1
42;506;146;-1
42;511;643;-1
42;516;207;-1
41;531;31;-1
45;533;69;-1
43;534;69;-1
46;533;69;-1
43;547;616;-1
44;547;616;-1
43;560;401;-1
41;565;202;-1
41;583;910;-1
42;590;147;-1
45;590;147;-1
42;597;462;-1
41;603;9;-1
42;603;764;-1
42;637;23;-1
42;661;690;-1
42;664;565;-1
43;665;565;-1
43;675;822;-1
44;675;822;-1
42;683;360;-1
44;682;360;-1
42;685;2;-1
42;687;200;-1
42;687;203;-1
42;692;696;-1
42;703;598;-1
42;705;151;-1
41;708;108;-1
42;713;591;-1
41;748;279;-1
42;749;195;-1
44;750;193;-1
43;756;174;59
43;756;174;59
47;756;174;-1
44;755;175;59
42;756;562;-1
42;763;659;-1
42;763;942;-1
44;769;98;-1
43;768;99;-1
43;770;171;-1
45;769;171;-1
42;779;203;-1
43;783;43;-1
42;795;224;-1
45;797;224;-1
41;801;700;-1
42;802;586;-1
42;805;743;-1
43;817;208;-1
42;817;208;-1
44;816;210;-1
44;821;119;-1
42;825;892;-1
42;826;442;-1
42;835;304;-1
41;840;231;-1
41;843;615;-1
42;873;520;-1
42;873;276;-1
42;879;330;-1
43;885;880;-1
43;900;789;-1
43;903;657;-1
44;902;656;-1
42;903;181;-1
43;926;231;-1
43;934;715;-1
43;934;801;-1
42;934;801;-1
41;940;850;-1
43;942;44;-1
43;941;45;-1
43;943;28;-1
43;945;27;-1
42;946;446;-1
41;949;367;-1
44;958;310;-1
45;956;310;-1
42;959;157;-1
44;961;450;-1
41;962;451;-1
42;972;367;-1
41;973;182;-1
42;975;565;-1
41;988;540;-1
45;990;536;-1
41;991;536;-1
43;997;26;-1
44;997;26;-1
43;29;634;-1
45;107;825;-1
42;108;826;-1
42;163;66;-1
43;165;139;-1
42;181;120;-1
42;204;844;-1
43;213;611;-1
43;243;866;-1
42;269;613;-1
44;302;834;-1
42;320;929;-1
42;348;956;-1
42;354;808;-1
43;355;438;-1
44;361;374;-1
42;363;806;-1
42;384;362;-1
42;384;412;-1
43;393;603;-1
45;399;158;-1
44;405;105;-1
44;405;105;-1
42;410;470;-1
43;427;326;-1
42;437;688;-1
42;446;174;-1
42;456;516;-1
42;458;640;-1
45;467;401;-1
43;468;400;-1
44;467;708;-1
42;500;684;-1
46;503;136;-1
42;504;136;-1
43;513;54;-1
43;514;6;-1
43;515;665;-1
43;524;738;-1
45;532;570;-1
43;533;568;-1
44;553;531;-1
43;552;531;-1
43;572;308;-1
42;573;308;-1
42;607;644;-1
43;617;326;-1
43;618;933;-1
43;621;592;-1
43;626;622;-1
44;637;282;-1
45;646;319;-1
42;652;115;-1
42;656;923;-1
43;662;552;-1
42;662;51;-1
46;689;533;-1
46;689;533;-1
42;717;22;-1
43;724;616;-1
42;734;672;-1
45;747;12;-1
44;746;10;-1
45;748;886;-1
43;755;496;-1
44;766;311;-1
43;769;0;-1
43;772;338;-1
42;773;717;-1
43;773;58;-1
44;774;59;-1
44;776;694;-1
44;776;694;-1
42;778;908;-1
47;833;40;-1
45;835;38;-1
43;835;432;-1
43;840;314;-1
43;842;663;-1
42;845;530;-1
43;846;335;-1
42;848;704;-1
46;849;30;60
47;848;30;60
48;849;31;60
42;854;659;-1
45;858;380;-1
43;858;636;-1
42;874;295;-1
44;880;213;-1
45;891;766;-1
43;892;505;-1
43;910;97;-1
43;910;700;-1
43;921;43;-1
43;922;692;-1
42;926;173;-1
43;929;835;-1
43;929;835;-1
42;938;455;-1
44;942;54;-1
43;942;204;-1
43;953;158;-1
44;954;670;-1
44;965;764;-1
45;973;242;-1
42;972;242;-1
42;990;370;-1
44;995;806;-1
44;994;806;-1
46;31;838;-1
43;32;838;-1
46;56;197;-1
45;63;203;-1
43;61;202;-1
44;66;825;-1
43;108;871;-1
44;140;103;-1
44;199;106;-1
44;218;62;-1
43;220;867;-1
44;231;680;-1
48;231;680;-1
44;243;625;-1
48;247;717;-1
44;248;717;-1
44;251;297;-1
48;253;665;-1
48;253;665;-1
43;254;664;-1
44;275;282;-1
45;312;797;-1
44;319;687;-1
44;320;426;-1
43;332;433;-1
44;401;91;-1
44;402;732;-1
45;412;874;-1
44;428;875;-1
44;432;347;-1
44;455;699;-1
43;470;532;-1
45;475;142;-1
43;475;430;-1
44;482;503;-1
45;487;392;-1
46;491;391;-1
44;495;108;-1
47;498;167;-1
43;498;166;-1
45;502;194;-1
45;502;194;-1
49;503;194;-1
44;502;580;-1
46;522;611;-1
44;522;610;-1
45;535;803;-1
45;534;803;-1
45;541;806;-1
44;544;811;-1
47;543;812;-1
44;547;365;-1
45;571;536;-1
45;585;539;-1
43;613;678;-1
44;628;295;-1
45;632;98;-1
48;634;100;-1
50;631;101;-1
45;634;379;-1
45;646;204;-1
44;648;342;-1
44;652;662;-1
44;651;663;-1
43;665;915;-1
44;666;687;-1
43;674;57;-1
44;686;261;-1
44;689;454;-1
44;695;487;-1
43;698;42;-1
46;698;477;-1
47;698;477;-1
44;700;890;-1
44;702;300;-1
44;702;563;-1
45;705;92;-1
44;706;29;-1
44;726;239;-1
45;727;949;-1
48;728;768;-1
44;729;768;-1
45;749;88;-1
47;748;88;-1
44;769;104;-1
44;778;95;-1
44;785;290;-1
46;791;60;-1
47;792;59;-1
44;795;267;-1
47;799;525;-1
44;799;525;-1
43;803;86;-1
44;808;508;-1
43;808;601;-1
44;820;525;-1
44;839;938;-1
44;843;57;-1
45;845;581;-1
44;856;581;-1
46;856;581;-1
44;859;792;-1
44;863;503;-1
45;863;504;-1
43;866;578;-1
44;870;284;-1
45;871;404;-1
45;871;404;-1
43;881;944;-1
44;891;82;-1
44;896;143;-1
43;898;414;-1
47;904;155;-1
44;905;156;-1
43;907;751;-1
43;915;813;-1
45;937;747;-1
47;937;747;-1
43;938;23;-1
44;954;524;-1
43;971;705;-1
48;4;901;-1
44;21;918;-1
45;82;803;-1
48;115;57;-1
45;116;56;-1
45;137;70;-1
45;141;882;-1
45;140;884;-1
48;150;103;-1
48;150;103;-1
45;149;102;-1
51;150;103;-1
44;175;11;-1
44;241;685;-1
45;289;693;-1
48;289;694;-1
44;310;890;-1
44;315;687;-1
45;329;463;-1
45;389;103;-1
44;392;128;-1
45;434;614;-1
47;456;131;-1
49;457;130;-1
45;469;852;-1
49;486;30;-1
45;486;30;-1
47;490;292;-1
47;491;291;-1
44;493;443;-1
46;495;95;-1
46;495;95;-1
45;502;111;-1
46;502;175;-1
46;502;174;-1
46;509;112;-1
45;510;304;-1
44;539;822;-1
45;543;710;-1
45;583;186;-1
45;592;799;-1
46;592;798;-1
45;614;442;-1
45;629;267;-1
47;633;94;-1
47;655;219;-1
49;655;220;-1
45;663;626;-1
46;673;197;-1
44;676;348;-1
44;680;890;-1
44;684;385;-1
44;693;415;-1
46;696;383;-1
47;697;384;-1
45;710;281;-1
46;712;425;-1
45;712;425;-1
45;739;46;-1
44;744;188;-1
45;747;546;-1
45;761;515;-1
45;763;350;-1
44;788;98;-1
44;806;499;-1
44;817;346;-1
45;831;308;-1
46;832;484;-1
45;830;484;-1
45;834;302;-1
46;835;304;-1
46;837;757;-1
47;838;452;-1
46;837;452;-1
45;838;775;-1
45;841;310;-1
46;841;574;-1
45;849;239;-1
45;861;764;-1
44;866;368;-1
45;866;549;-1
45;892;653;-1
44;894;368;-1
46;906;289;-1
46;907;289;-1
45;906;307;-1
46;908;688;-1
48;909;688;-1
46;915;755;-1
45;918;628;-1
48;922;89;-1
45;921;88;-1
49;920;87;-1
48;923;884;-1
47;924;883;-1
44;927;871;-1
46;954;799;-1
44;979;452;-1
46;985;236;-1
44;994;625;-1
47;31;845;-1
46;74;793;-1
49;107;144;-1
47;107;144;-1
45;237;7;-1
45;270;766;-1
45;297;438;-1
45;317;809;-1
46;390;207;-1
49;391;206;-1
46;398;409;-1
46;401;249;-1
46;426;765;-1
46;440;845;-1
45;445;350;-1
45;465;362;-1
46;473;310;-1
48;474;28;-1
47;474;29;-1
45;487;19;-1
46;489;718;-1
49;490;183;-1
48;490;184;-1
45;526;883;-1
45;546;47;-1
45;554;612;-1
45;556;288;-1
49;561;932;-1
53;561;933;-1
45;562;933;-1
47;563;588;-1
48;564;589;-1
45;564;827;-1
46;573;126;-1
48;573;128;-1
45;578;566;-1
46;585;893;-1
46;586;146;-1
46;587;6;-1
51;587;5;-1
47;588;165;-1
46;596;706;-1
46;606;746;-1
46;608;543;-1
45;619;184;-1
49;635;94;-1
46;636;95;-1
50;633;96;-1
46;636;624;-1
48;638;880;-1
51;639;880;-1
46;649;209;-1
45;662;895;-1
47;667;512;-1
46;666;512;-1
45;676;210;-1
46;721;116;-1
46;747;465;-1
45;764;202;-1
47;779;218;-1
50;780;219;-1
50;779;218;-1
46;790;33;-1
46;801;250;-1
49;814;260;-1
47;815;261;-1
47;824;614;-1
47;825;163;-1
47;826;376;-1
45;830;300;-1
45;833;652;-1
45;832;936;-1
46;837;310;61
47;839;310;61
47;839;905;-1
46;840;905;-1
47;865;673;-1
45;900;474;-1
46;907;638;-1
48;917;948;-1
50;918;949;-1
45;923;496;-1
46;922;241;-1
49;936;297;62
50;936;297;62
47;936;297;-1
49;936;296;62
46;954;241;-1
46;968;251;-1
45;972;692;-1
45;977;372;-1
48;981;264;-1
46;980;263;-1
46;996;416;-1
46;15;724;-1
47;86;61;-1
47;140;58;-1
47;216;41;-1
47;241;686;-1
47;273;318;-1
47;293;495;-1
49;342;763;-1
47;343;762;-1
49;361;752;-1
47;361;751;-1
49;374;378;-1
49;374;378;-1
47;392;189;-1
47;458;394;-1
47;541;686;-1
46;557;824;-1
47;563;261;-1
47;572;263;-1
46;576;74;-1
46;584;625;-1
47;586;775;-1
49;586;774;-1
47;592;204;-1
47;606;11;-1
47;609;36;-1
47;616;299;-1
47;630;842;-1
48;629;842;-1
47;635;885;-1
47;650;577;-1
48;654;845;-1
48;654;845;-1
46;669;164;-1
47;698;829;-1
49;702;943;-1
47;703;942;-1
47;703;398;-1
48;727;491;-1
49;726;491;-1
48;743;26;-1
49;748;512;-1
48;749;513;-1
46;755;966;-1
47;784;93;-1
47;788;262;-1
48;792;823;-1
47;793;824;-1
47;818;565;-1
47;817;566;-1
48;819;623;-1
47;826;396;-1
47;829;415;-1
49;833;321;-1
47;833;319;-1
46;833;314;-1
47;839;362;-1
49;843;858;-1
48;844;858;-1
46;858;487;-1
50;868;477;-1
49;867;478;-1
47;865;476;-1
47;888;14;-1
47;889;712;-1
48;895;519;-1
47;910;507;-1
47;911;40;-1
47;923;904;-1
46;937;371;-1
48;939;552;-1
46;963;905;-1
47;976;398;-1
47;34;845;-1
51;45;736;-1
47;45;735;-1
51;74;789;-1
51;73;790;-1
47;113;801;-1
48;118;836;-1
49;143;927;-1
48;142;926;-1
48;159;98;-1
49;182;624;-1
48;203;651;-1
52;239;646;-1
50;239;647;-1
53;239;646;-1
50;238;646;-1
48;287;753;-1
50;286;753;-1
48;310;463;-1
47;313;373;-1
48;346;818;-1
47;374;877;-1
51;379;148;-1
50;380;148;-1
53;379;147;-1
49;455;363;-1
53;454;363;-1
51;486;270;-1
49;485;270;-1
48;486;268;-1
50;484;267;-1
49;507;109;-1
51;506;109;-1
47;571;357;-1
47;573;88;-1
48;589;238;-1
49;640;174;-1
48;640;175;-1
48;640;565;-1
49;642;958;-1
51;644;958;-1
50;649;17;-1
50;650;16;-1
49;665;377;-1
49;667;368;-1
51;667;368;-1
49;678;409;-1
48;677;410;-1
47;680;559;-1
49;702;695;-1
49;701;695;-1
48;703;821;-1
49;702;821;-1
48;703;467;-1
47;709;843;-1
48;721;18;-1
47;743;547;-1
47;758;159;-1
50;765;324;-1
48;768;297;-1
48;784;340;-1
51;785;548;63
51;785;549;63
51;786;549;63
48;789;76;-1
50;788;239;-1
49;789;239;-1
47;795;696;-1
47;799;197;-1
49;801;549;-1
49;803;116;-1
47;806;254;-1
48;815;325;-1
49;822;330;-1
49;823;329;-1
50;829;507;-1
50;829;507;-1
51;855;498;-1
50;854;498;-1
48;862;818;-1
48;867;113;-1
48;885;200;-1
51;891;705;-1
47;891;704;-1
49;906;574;-1
50;926;44;-1
51;925;44;-1
48;930;344;-1
49;938;525;-1
48;937;525;-1
51;7;891;-1
48;42;865;-1
48;54;794;-1
49;119;107;-1
49;190;45;-1
49;196;21;-1
49;198;635;-1
48;263;683;-1
51;315;288;-1
51;407;446;-1
50;408;446;-1
48;422;964;-1
48;425;385;-1
49;435;121;-1
49;442;116;-1
50;464;153;-1
48;465;362;-1
49;518;360;-1
50;518;359;-1
48;531;928;-1
52;536;850;-1
50;537;850;-1
49;545;656;-1
50;557;851;-1
48;580;268;-1
49;590;824;-1
49;591;145;-1
48;595;47;-1
49;595;342;-1
49;602;466;-1
49;611;81;-1
52;617;139;-1
51;618;139;-1
49;619;155;-1
51;620;153;-1
50;636;582;-1
50;644;160;-1
48;679;620;-1
50;703;923;-1
51;713;235;-1
51;714;236;-1
49;720;619;-1
50;735;926;-1
51;749;124;-1
51;748;125;-1
51;757;643;-1
50;759;202;-1
51;759;204;-1
50;771;704;-1
49;779;960;-1
49;779;959;-1
48;787;643;-1
48;788;377;-1
48;792;89;-1
49;797;56;-1
49;798;922;-1
48;798;80;-1
49;800;627;-1
50;812;97;-1
50;811;97;-1
52;812;96;-1
49;815;654;-1
49;818;766;-1
52;829;448;-1
52;829;448;-1
51;833;302;-1
48;832;300;-1
51;835;389;-1
50;834;389;-1
48;837;524;-1
49;851;459;-1
50;852;529;-1
49;854;203;-1
49;863;82;-1
48;879;488;-1
49;879;800;-1
48;895;166;-1
48;909;820;-1
53;915;320;-1
49;915;320;-1
49;925;335;-1
48;929;891;-1
49;952;406;-1
49;955;336;-1
49;968;673;-1
50;983;458;-1
49;984;457;-1
51;986;579;-1
52;987;579;-1
49;991;312;-1
49;997;852;-1
50;17;785;-1
52;117;110;-1
50;146;102;-1
49;166;55;-1
50;173;79;-1
53;173;80;-1
55;262;786;-1
51;261;787;-1
58;261;785;-1
53;313;482;-1
51;312;482;-1
50;339;465;-1
50;365;890;-1
50;388;310;-1
49;426;210;-1
50;464;433;-1
49;512;106;-1
50;513;398;-1
50;525;354;-1
50;533;665;-1
51;547;223;-1
51;548;74;-1
50;582;872;-1
50;603;582;-1
51;604;582;-1
50;603;902;-1
50;614;490;-1
50;614;388;-1
50;624;227;-1
50;625;227;-1
50;628;11;-1
50;636;11;-1
53;636;10;-1
53;635;11;-1
50;642;756;-1
50;674;225;-1
51;677;239;-1
51;678;356;-1
51;694;707;-1
51;705;308;-1
52;705;308;-1
51;708;693;-1
52;708;695;-1
51;714;466;-1
51;714;467;-1
51;715;391;-1
49;719;449;-1
51;732;525;-1
50;744;357;-1
51;746;354;-1
49;748;712;-1
49;751;816;-1
49;762;22;-1
52;768;177;-1
52;767;177;-1
50;770;720;-1
50;771;540;-1
51;798;7;-1
52;799;7;-1
49;800;522;-1
50;803;755;-1
52;807;97;-1
51;807;97;-1
49;807;478;-1
51;808;537;-1
50;820;145;-1
49;838;630;-1
50;843;11;-1
51;847;176;-1
50;854;135;-1
50;854;136;-1
50;870;325;-1
50;883;21;-1
53;882;22;-1
50;889;30;-1
52;889;362;-1
49;890;361;-1
49;891;686;-1
50;915;443;-1
49;949;573;-1
49;965;333;-1
50;992;478;-1
53;17;739;-1
55;17;738;-1
50;152;889;-1
50;204;598;-1
53;287;746;-1
55;287;747;-1
53;287;746;-1
52;319;475;-1
51;320;788;-1
52;371;772;-1
54;371;773;-1
50;417;173;-1
51;471;536;-1
54;473;152;-1
53;473;153;-1
51;473;303;-1
53;493;407;-1
50;494;407;-1
51;569;30;-1
51;587;835;-1
50;603;285;-1
51;605;787;-1
50;631;0;-1
51;635;380;-1
53;643;197;-1
53;643;197;-1
51;644;693;-1
50;676;521;-1
50;716;718;-1
53;727;873;-1
54;726;873;-1
52;745;625;-1
52;745;625;-1
52;752;306;-1
52;756;194;-1
50;761;460;-1
50;774;191;-1
50;808;810;-1
50;827;81;-1
51;837;335;-1
52;838;545;-1
53;839;545;-1
50;841;310;-1
51;848;682;-1
52;849;683;-1
50;852;896;-1
52;854;57;-1
50;855;968;-1
53;895;670;-1
50;895;671;-1
51;898;870;-1
50;905;30;-1
51;919;781;-1
52;939;577;-1
55;939;577;-1
50;979;357;-1
51;983;433;-1
51;992;418;-1
52;18;716;-1
55;18;717;-1
52;31;862;-1
52;54;794;-1
54;52;795;-1
53;132;878;-1
53;132;878;-1
52;165;605;-1
51;174;43;-1
51;174;46;-1
52;266;791;-1
51;295;771;-1
52;352;816;-1
51;351;816;-1
52;388;701;-1
52;394;313;-1
56;400;319;-1
54;399;318;-1
51;426;206;-1
54;426;727;-1
54;426;727;-1
53;432;185;-1
53;432;185;-1
51;434;382;-1
52;451;144;-1
55;505;173;-1
53;504;173;-1
57;504;173;-1
51;520;122;-1
53;520;166;-1
52;525;190;-1
52;527;189;-1
52;540;19;-1
51;541;159;-1
52;549;283;-1
51;577;349;-1
53;580;129;-1
51;588;146;-1
55;620;748;-1
55;621;748;-1
51;631;330;-1
52;644;743;-1
52;665;190;-1
51;667;413;-1
52;673;167;-1
51;674;333;-1
51;688;537;-1
52;696;880;-1
52;723;382;-1
55;736;728;-1
52;736;727;-1
52;762;223;-1
51;764;753;-1
51;767;536;-1
54;778;119;-1
51;802;826;-1
51;818;330;-1
54;823;132;-1
53;823;136;-1
52;823;133;-1
52;823;833;-1
52;827;307;-1
53;827;849;-1
53;828;849;-1
55;827;298;-1
53;829;298;-1
52;830;316;-1
52;833;299;-1
51;836;810;-1
53;839;83;-1
53;840;82;-1
52;841;394;-1
54;840;860;-1
51;843;308;-1
52;844;756;-1
51;849;344;-1
55;871;38;-1
52;872;41;-1
55;875;769;-1
52;874;769;-1
51;892;448;-1
54;907;592;-1
52;906;592;-1
52;909;369;-1
53;911;902;-1
56;910;901;-1
51;928;648;-1
51;942;402;-1
54;951;607;-1
53;970;356;-1
53;970;356;-1
52;972;465;-1
51;992;293;-1
54;991;294;-1
53;43;888;-1
53;64;843;-1
53;111;846;-1
53;137;892;-1
58;137;892;-1
53;175;893;-1
53;181;604;-1
56;180;605;-1
53;307;769;-1
54;308;320;-1
53;392;369;-1
57;392;363;-1
56;393;362;-1
53;414;385;-1
53;447;230;-1
53;461;302;-1
56;489;464;-1
56;488;464;-1
53;534;221;-1
58;543;490;-1
53;543;489;-1
58;543;490;-1
53;546;540;-1
53;568;179;-1
55;568;178;-1
54;570;811;-1
56;616;74;-1
53;616;75;-1
52;637;827;-1
53;645;429;-1
55;653;748;-1
56;652;748;-1
54;693;595;-1
53;695;728;-1
56;730;194;-1
56;730;194;-1
54;748;655;-1
54;748;654;-1
52;751;45;-1
53;793;532;-1
53;801;867;-1
53;807;701;-1
54;823;94;-1
57;823;95;-1
56;842;52;-1
53;843;52;-1
56;841;52;-1
53;848;789;-1
55;857;699;-1
56;858;698;-1
52;860;564;-1
53;863;73;-1
59;866;40;-1
55;865;38;-1
54;872;77;-1
53;928;372;-1
55;946;434;-1
55;946;435;-1
52;948;685;-1
52;964;412;-1
54;166;12;-1
56;175;40;-1
56;175;40;-1
53;315;731;-1
54;339;809;-1
57;361;672;-1
54;361;671;-1
56;366;464;-1
53;367;464;-1
53;438;478;-1
53;439;368;-1
54;473;481;-1
56;477;279;-1
56;477;279;-1
55;516;376;-1
57;516;376;-1
54;518;210;-1
53;553;114;-1
54;554;120;-1
56;572;528;-1
55;572;527;-1
56;582;839;-1
56;582;839;-1
53;592;855;-1
57;593;228;-1
54;593;228;-1
55;610;401;-1
56;611;43;-1
56;613;43;-1
54;613;783;-1
56;616;534;-1
55;616;533;-1
55;621;920;-1
53;632;955;-1
54;636;555;-1
53;640;251;-1
53;698;346;-1
54;714;184;-1
53;730;204;-1
53;734;374;-1
55;752;837;-1
55;791;136;-1
56;791;135;-1
54;799;110;-1
53;834;320;-1
53;834;322;-1
53;874;444;-1
53;902;765;-1
54;920;343;-1
53;921;913;-1
54;925;840;-1
56;926;840;-1
54;935;952;-1
54;960;799;-1
55;960;799;-1
54;56;769;-1
54;171;44;-1
54;210;642;-1
54;389;714;-1
54;395;148;-1
55;415;148;-1
55;448;379;-1
55;459;286;-1
54;467;395;-1
54;473;159;-1
55;491;544;-1
54;507;484;-1
55;542;327;-1
55;573;25;-1
54;582;469;-1
55;587;831;-1
58;587;831;-1
55;592;483;-1
55;592;253;-1
55;643;259;-1
56;681;269;-1
55;688;274;-1
54;702;336;-1
56;713;933;-1
55;755;193;-1
55;756;25;-1
54;757;121;-1
55;760;177;-1
55;766;283;-1
55;769;390;-1
55;775;698;-1
56;808;338;-1
58;808;336;-1
55;832;49;-1
54;834;727;-1
54;840;311;-1
55;842;309;-1
56;843;397;-1
55;843;397;-1
57;859;786;-1
58;859;786;-1
54;859;915;-1
55;901;137;-1
55;917;443;-1
57;15;807;-1
56;182;13;-1
57;183;10;-1
55;362;679;-1
55;438;277;-1
56;491;403;-1
58;529;265;-1
58;530;265;-1
55;543;270;-1
57;566;43;-1
56;566;79;-1
56;572;233;-1
56;583;209;-1
56;628;763;-1
56;638;276;-1
55;691;491;-1
55;696;288;-1
55;709;703;-1
57;711;897;-1
57;799;35;-1
56;807;693;-1
56;828;305;-1
56;830;314;-1
60;828;312;-1
61;830;314;-1
56;832;314;-1
55;886;433;-1
57;886;687;-1
56;887;688;-1
56;945;467;-1
56;987;540;-1
57;455;487;-1
57;463;331;-1
57;468;330;-1
56;477;302;-1
57;517;399;-1
57;522;228;-1
58;535;400;-1
57;535;213;-1
57;615;396;-1
61;615;396;-1
58;627;308;-1
57;634;854;-1
57;636;243;-1
57;636;244;-1
58;648;278;-1
59;648;278;-1
57;657;330;-1
58;667;785;-1
58;667;785;-1
56;678;856;-1
59;708;283;-1
59;708;284;-1
56;733;191;-1
57;738;868;-1
56;772;122;-1
60;785;355;-1
60;785;355;-1
57;786;353;-1
61;799;414;-1
60;799;414;-1
56;798;415;-1
59;800;73;-1
56;800;305;-1
56;802;601;-1
57;822;100;-1
56;849;564;-1
59;913;747;-1
57;914;746;-1
59;919;784;-1
56;976;607;-1
59;981;647;-1
56;982;647;-1
57;990;672;-1
59;13;778;-1
57;291;767;-1
60;292;768;-1
57;298;725;-1
57;454;377;-1
57;462;461;-1
58;476;270;-1
59;481;208;-1
57;481;209;-1
58;487;473;-1
58;566;473;-1
58;580;499;-1
57;586;410;-1
58;592;332;-1
59;595;287;-1
61;595;288;-1
57;596;805;-1
58;643;264;-1
58;656;417;-1
62;657;416;-1
58;673;684;-1
58;704;274;-1
61;733;334;-1
57;734;334;-1
58;796;313;-1
57;801;345;-1
57;806;341;-1
58;830;117;-1
62;864;960;-1
60;864;959;-1
62;864;960;-1
57;954;568;-1
59;291;736;-1
59;346;766;-1
59;469;295;-1
59;497;355;-1
59;674;785;-1
60;676;335;-1
59;684;450;-1
59;697;311;-1
59;697;311;-1
59;803;910;-1
59;829;119;-1
58;920;520;-1
59;931;758;-1
59;981;424;-1
61;306;755;-1
59;306;756;-1
62;672;320;-1
62;672;322;-1
60;739;314;-1
59;788;360;-1
59;793;336;-1
60;797;298;-1
60;810;368;-1
60;824;301;-1
61;835;311;-1
59;837;308;-1
59;848;45;-1
60;854;967;-1
60;919;921;-1
60;980;412;-1
60;994;372;-1
59;996;386;-1
63;525;436;-1
67;525;437;-1
63;524;437;-1
61;531;476;-1
60;546;233;-1
62;636;351;-1
60;671;742;-1
60;684;877;-1
61;731;888;-1
60;744;295;-1
61;786;847;-1
60;811;326;-1
61;819;332;-1
60;838;316;-1
61;841;36;-1
64;839;36;-1
60;842;38;-1
61;893;394;-1
61;931;717;-1
62;320;736;-1
61;383;494;-1
61;534;400;-1
63;575;781;-1
65;683;874;-1
63;683;873;-1
62;714;796;-1
61;729;914;-1
61;807;74;-1
62;822;759;-1
64;834;23;-1
67;833;23;-1
64;834;23;-1
63;842;724;-1
62;842;724;-1
64;938;851;-1
62;951;671;-1
62;989;585;-1
64;988;586;-1
63;992;579;-1
63;661;268;-1
63;709;352;-1
63;738;333;-1
65;738;769;-1
64;739;767;-1
62;760;947;-1
63;782;331;-1
62;815;362;-1
63;814;361;-1
62;819;299;-1
62;833;815;-1
62;837;321;-1
63;911;964;-1
63;919;954;-1
62;954;713;-1
62;960;781;-1
64;989;392;-1
66;991;393;-1
63;995;885;-1
62;996;386;-1
64;768;781;-1
64;794;774;-1
64;798;344;-1
67;799;344;-1
65;835;858;-1
64;952;722;-1
64;986;903;-1
65;551;342;-1
65;698;318;-1
65;705;333;-1
65;705;333;-1
65;787;805;-1
64;805;801;-1
65;823;300;-1
67;596;421;-1
66;595;420;-1
66;792;322;-1
67;302;748;-1
67;700;363;-1
67;808;331;-1
66;977;798;-1
67;706;330;-1
67;855;904;-1
67;917;886;-1
