26;2;64;-1
26;137;69;-1
26;210;82;-1
26;494;167;-1
26;713;139;-1
26;794;28;-1
26;872;43;-1
27;138;38;-1
27;169;79;-1
27;342;171;-1
27;472;190;-1
27;603;51;-1
27;623;83;-1
27;709;323;-1
27;718;0;-1
27;769;77;-1
27;828;19;-1
27;853;132;-1
27;872;34;-1
28;123;113;-1
28;133;133;-1
28;177;71;-1
28;225;79;-1
28;228;248;-1
28;237;16;-1
28;265;206;-1
28;342;282;-1
28;404;87;-1
28;409;230;-1
28;459;458;-1
28;531;227;-1
28;544;314;-1
28;548;148;-1
28;558;416;-1
28;576;312;-1
28;584;3;-1
28;603;339;-1
28;614;171;-1
28;617;389;-1
28;686;68;-1
28;808;371;-1
28;810;9;-1
28;862;494;-1
28;892;161;-1
28;969;278;-1
28;970;240;-1
28;975;108;-1
28;979;275;-1
29;33;424;-1
29;108;540;-1
29;150;174;-1
29;157;47;-1
29;200;100;-1
29;296;655;-1
29;315;396;-1
29;326;267;-1
29;351;229;-1
29;361;377;-1
29;382;12;-1
29;410;392;-1
29;415;83;-1
29;482;173;-1
29;540;691;-1
29;609;491;-1
29;619;14;-1
29;649;558;-1
29;661;399;-1
29;677;0;-1
29;696;372;-1
29;701;590;-1
29;703;392;-1
29;732;443;-1
29;736;67;-1
29;804;278;-1
29;806;652;-1
29;808;0;-1
29;875;508;-1
29;908;378;-1
29;930;502;-1
29;972;691;-1
30;28;334;-1
30;44;211;-1
30;50;359;-1
30;132;727;-1
30;144;553;-1
30;190;601;-1
30;200;589;-1
30;202;598;-1
30;224;212;-1
30;246;81;-1
30;261;667;-1
30;266;219;-1
30;272;475;-1
30;296;234;-1
30;312;686;-1
30;339;476;-1
30;349;435;-1
30;359;461;-1
30;360;596;-1
30;427;81;-1
30;459;703;-1
30;461;630;-1
30;470;667;-1
30;487;705;-1
30;491;683;-1
30;503;445;-1
30;515;589;-1
30;516;826;-1
30;522;659;-1
30;549;708;-1
30;557;814;-1
30;560;241;-1
30;600;191;-1
30;662;260;-1
30;676;746;-1
30;694;421;-1
30;712;771;-1
30;715;384;-1
30;741;31;-1
30;781;478;-1
30;796;426;-1
30;809;109;-1
30;822;768;-1
30;825;683;-1
30;826;342;-1
30;852;559;-1
30;857;298;-1
30;888;810;-1
30;901;682;-1
30;916;72;-1
30;933;267;-1
30;934;22;-1
30;942;565;-1
30;943;181;-1
30;949;322;-1
30;964;98;-1
30;979;718;-1
31;4;857;-1
31;22;786;-1
31;23;671;-1
31;42;737;-1
31;56;719;-1
31;81;324;-1
31;82;735;-1
31;91;769;-1
31;101;830;-1
31;113;775;-1
31;127;820;-1
31;141;589;-1
31;142;139;-1
31;143;878;-1
31;181;143;-1
31;193;116;-1
31;198;703;-1
31;220;192;-1
31;255;246;-1
31;259;468;-1
31;261;217;-1
31;273;819;-1
31;277;264;-1
31;306;598;-1
31;310;476;-1
31;331;897;-1
31;352;43;-1
31;374;910;-1
31;387;632;-1
31;400;620;-1
31;401;903;-1
31;418;262;-1
31;435;485;-1
31;461;130;-1
31;461;438;-1
31;483;370;-1
31;488;626;-1
31;499;71;-1
31;508;300;-1
31;510;785;-1
31;517;882;-1
31;527;371;-1
31;538;116;-1
31;583;779;-1
31;593;408;-1
31;614;653;-1
31;626;226;-1
31;648;925;-1
31;690;817;-1
31;708;288;-1
31;708;369;-1
31;750;197;-1
31;756;454;-1
31;780;952;-1
31;781;947;-1
31;800;128;-1
31;814;152;-1
31;820;88;-1
31;822;441;-1
31;826;455;-1
31;847;449;-1
31;848;548;-1
31;868;772;-1
31;872;95;-1
31;889;481;-1
31;893;172;-1
31;941;58;-1
31;953;71;-1
31;954;128;-1
31;981;100;-1
31;981;213;-1
31;982;741;-1
31;984;755;-1
31;991;18;-1
31;995;550;-1
32;2;759;-1
32;24;903;-1
32;33;949;-1
32;54;732;-1
32;80;470;-1
32;94;516;-1
32;139;135;-1
32;213;44;-1
32;219;563;-1
32;222;495;-1
32;233;545;-1
32;258;33;-1
32;288;916;-1
32;314;123;-1
32;336;44;-1
32;337;899;-1
32;345;953;-1
32;349;937;-1
32;356;261;-1
32;359;469;-1
32;369;304;-1
32;375;854;-1
32;423;29;-1
32;448;823;-1
32;514;872;-1
32;535;52;-1
32;543;361;-1
32;553;174;-1
32;559;566;-1
32;595;317;-1
32;611;192;-1
32;612;181;-1
32;616;265;-1
32;640;741;-1
32;663;469;-1
32;668;848;-1
32;681;434;-1
32;688;83;-1
32;710;622;-1
32;722;139;-1
32;734;303;-1
32;735;393;-1
32;736;963;-1
32;774;461;-1
32;789;718;-1
32;799;395;-1
32;816;572;-1
32;819;809;-1
32;822;633;-1
32;823;280;-1
32;824;646;-1
32;829;808;-1
32;839;799;-1
32;850;35;-1
32;855;738;-1
32;872;908;-1
32;874;667;-1
32;896;904;-1
32;914;759;-1
32;937;733;-1
32;961;114;-1
32;988;131;-1
33;63;614;-1
33;72;941;-1
33;77;738;-1
33;78;769;-1
33;99;586;-1
33;101;643;-1
33;143;530;-1
33;154;665;-1
33;198;484;-1
33;231;506;-1
33;231;915;-1
33;243;375;-1
33;250;280;-1
33;253;570;-1
33;261;821;-1
33;266;580;-1
33;272;595;-1
33;297;554;-1
33;341;638;-1
33;357;109;-1
33;361;228;-1
33;379;327;-1
33;388;255;-1
33;403;425;-1
33;420;844;-1
33;439;447;-1
33;470;796;-1
33;486;298;-1
33;499;610;-1
33;502;99;-1
33;509;749;-1
33;511;256;-1
33;548;84;-1
33;549;775;-1
33;552;611;-1
33;570;885;-1
33;580;431;-1
33;589;207;-1
33;600;833;-1
33;637;766;-1
33;643;844;-1
33;653;87;-1
33;659;113;-1
33;659;442;-1
33;668;421;-1
33;672;904;-1
33;730;920;-1
33;749;458;-1
33;756;126;-1
33;769;669;-1
33;814;142;-1
33;818;903;-1
33;834;326;-1
33;836;364;-1
33;865;208;-1
33;873;112;-1
33;873;139;-1
33;890;455;-1
33;892;644;-1
33;900;71;-1
33;922;0;-1
33;933;883;-1
33;938;162;-1
33;968;72;-1
33;997;41;-1
34;29;750;-1
34;37;957;-1
34;48;915;-1
34;111;735;-1
34;160;678;-1
34;193;94;-1
34;209;928;-1
34;217;923;-1
34;222;955;-1
34;224;893;-1
34;256;524;-1
34;264;66;-1
34;264;589;-1
34;267;886;-1
34;282;681;-1
34;303;676;-1
34;361;855;-1
34;381;544;-1
34;390;914;-1
34;406;911;-1
34;407;243;-1
34;428;394;-1
34;431;917;-1
34;436;287;-1
34;441;164;-1
34;442;416;-1
34;449;449;-1
34;454;862;-1
34;457;885;-1
34;486;569;-1
34;486;617;-1
34;513;609;-1
34;534;879;-1
34;539;456;-1
34;543;37;-1
34;547;355;-1
34;564;340;-1
34;579;960;-1
34;622;307;-1
34;651;625;-1
34;672;112;-1
34;674;386;-1
34;686;967;-1
34;694;500;-1
34;695;379;-1
34;697;64;-1
34;718;421;-1
34;724;928;-1
34;752;510;-1
34;759;535;-1
34;779;245;-1
34;794;684;-1
34;805;661;-1
34;814;509;-1
34;816;661;-1
34;826;247;-1
34;830;254;-1
34;830;580;-1
34;872;234;-1
34;888;125;-1
34;920;850;-1
34;929;81;-1
34;933;324;-1
34;942;550;-1
34;977;898;-1
34;988;916;-1
35;42;688;-1
35;44;217;-1
35;46;968;-1
35;119;556;-1
35;153;721;-1
35;156;507;-1
35;158;117;-1
35;226;331;-1
35;277;667;-1
35;292;382;-1
35;295;629;-1
35;307;536;-1
35;308;965;-1
35;311;480;-1
35;355;773;-1
35;379;171;-1
35;407;264;-1
35;412;249;-1
35;424;475;-1
35;433;223;-1
35;434;808;-1
35;457;50;-1
35;472;392;-1
35;480;82;-1
35;485;398;-1
35;492;828;-1
35;495;385;-1
35;522;98;-1
35;545;141;-1
35;575;189;-1
35;590;170;-1
35;592;638;-1
35;593;957;-1
35;594;129;-1
35;597;44;-1
35;603;873;-1
35;604;644;-1
35;611;228;-1
35;623;2;-1
35;629;419;-1
35;639;181;-1
35;645;764;-1
35;648;0;-1
35;652;125;-1
35;654;559;-1
35;659;89;-1
35;688;752;-1
35;695;931;-1
35;706;233;-1
35;707;228;-1
35;737;75;-1
35;754;966;-1
35;779;259;-1
35;786;288;-1
35;792;843;-1
35;794;536;-1
35;895;916;-1
35;935;225;-1
35;943;894;-1
35;948;458;-1
35;963;847;-1
35;964;741;-1
35;965;484;-1
35;971;597;-1
35;972;679;-1
36;5;793;-1
36;81;882;-1
36;101;891;-1
36;111;168;-1
36;132;109;-1
36;133;796;-1
36;151;753;-1
36;198;893;-1
36;259;530;-1
36;302;448;-1
36;305;9;-1
36;306;806;-1
36;311;454;-1
36;345;591;-1
36;391;669;-1
36;397;605;-1
36;406;579;-1
36;422;594;-1
36;439;693;-1
36;440;910;-1
36;455;387;-1
36;463;460;-1
36;471;381;-1
36;477;646;-1
36;499;431;-1
36;541;331;-1
36;542;943;-1
36;548;889;-1
36;551;877;-1
36;557;554;-1
36;565;213;-1
36;600;302;-1
36;606;606;-1
36;612;97;-1
36;617;222;-1
36;643;652;-1
36;649;112;-1
36;654;413;-1
36;670;918;-1
36;696;918;-1
36;700;949;-1
36;724;256;-1
36;730;81;-1
36;805;640;-1
36;808;553;-1
36;811;237;-1
36;813;794;-1
36;814;898;-1
36;837;857;-1
36;885;479;-1
36;917;198;-1
36;950;464;-1
36;981;458;-1
37;140;121;-1
37;181;149;-1
37;205;956;-1
37;208;58;-1
37;239;259;-1
37;243;660;-1
37;267;309;-1
37;277;517;-1
37;289;628;-1
37;310;259;-1
37;328;527;-1
37;334;230;-1
37;383;717;-1
37;457;173;-1
37;467;834;-1
37;470;635;-1
37;478;900;-1
37;488;798;-1
37;493;854;-1
37;515;369;-1
37;518;895;-1
37;528;618;-1
37;538;832;-1
37;540;514;-1
37;545;607;-1
37;551;831;-1
37;562;220;-1
37;585;431;-1
37;589;748;-1
37;592;223;-1
37;603;548;-1
37;609;2;-1
37;614;718;-1
37;628;111;-1
37;661;286;-1
37;707;930;-1
37;717;819;-1
37;729;848;-1
37;738;770;-1
37;751;960;-1
37;778;798;-1
37;781;244;-1
37;781;504;-1
37;807;697;-1
37;825;466;-1
37;831;620;-1
37;842;635;-1
37;854;932;-1
37;867;112;-1
37;909;916;-1
37;922;305;-1
37;924;334;-1
37;941;68;-1
37;970;135;-1
37;982;149;-1
37;993;161;-1
37;996;408;-1
38;11;851;-1
38;24;222;-1
38;103;582;-1
38;125;117;-1
38;126;20;-1
38;181;72;-1
38;201;502;-1
38;248;873;-1
38;273;593;-1
38;283;237;-1
38;288;555;-1
38;294;638;-1
38;302;930;-1
38;317;676;-1
38;359;379;-1
38;424;575;-1
38;425;670;-1
38;444;382;-1
38;449;843;-1
38;454;93;-1
38;488;22;-1
38;508;182;-1
38;526;381;-1
38;543;868;-1
38;548;480;-1
38;557;195;-1
38;578;316;-1
38;609;360;-1
38;616;366;-1
38;633;676;-1
38;641;277;-1
38;678;601;-1
38;681;418;-1
38;682;211;-1
38;693;429;-1
38;706;6;-1
38;710;870;-1
38;724;840;-1
38;724;964;-1
38;747;91;-1
38;763;784;-1
38;793;394;-1
38;802;480;-1
38;811;34;-1
38;815;769;-1
38;825;607;-1
38;831;436;-1
38;845;201;-1
38;845;348;-1
38;853;46;-1
38;881;653;-1
38;896;69;-1
38;905;828;-1
38;927;14;-1
38;961;536;-1
38;994;872;-1
39;115;603;-1
39;158;136;-1
39;193;686;-1
39;210;559;-1
39;252;829;-1
39;290;811;-1
39;317;747;-1
39;321;788;-1
39;330;764;-1
39;352;622;-1
39;355;150;-1
39;378;733;-1
39;383;684;-1
39;389;790;-1
39;396;704;-1
39;402;309;-1
39;434;338;-1
39;459;60;-1
39;472;608;-1
39;484;39;-1
39;517;781;-1
39;517;787;-1
39;529;913;-1
39;545;429;-1
39;545;589;-1
39;576;307;-1
39;595;234;-1
39;599;625;-1
39;622;639;-1
39;637;759;-1
39;643;350;-1
39;677;73;-1
39;677;884;-1
39;696;616;-1
39;724;516;-1
39;741;788;-1
39;751;279;-1
39;768;247;-1
39;847;144;-1
39;920;945;-1
39;929;426;-1
39;929;937;-1
39;930;0;-1
39;940;639;-1
39;948;258;-1
39;956;543;-1
39;979;826;-1
39;997;202;-1
40;23;680;-1
40;53;903;-1
40;65;211;-1
40;65;899;-1
40;110;911;-1
40;124;768;-1
40;201;918;-1
40;216;562;-1
40;236;847;-1
40;266;610;-1
40;274;821;-1
40;297;456;-1
40;311;808;-1
40;313;721;-1
40;375;696;-1
40;387;107;-1
40;397;307;-1
40;402;935;-1
40;413;591;-1
40;433;291;-1
40;442;391;-1
40;451;82;-1
40;454;349;-1
40;482;197;-1
40;486;845;-1
40;507;703;-1
40;537;908;-1
40;545;861;-1
40;553;344;-1
40;556;410;-1
40;582;785;-1
40;582;935;-1
40;594;646;-1
40;602;226;-1
40;605;655;-1
40;662;912;-1
40;665;581;-1
40;670;430;-1
40;676;424;-1
40;692;170;-1
40;702;935;-1
40;715;940;-1
40;733;344;-1
40;759;482;-1
40;786;723;-1
40;787;224;-1
40;830;115;-1
40;860;949;-1
40;903;954;-1
40;935;866;-1
40;943;504;-1
40;950;670;-1
40;951;186;-1
40;952;143;-1
40;962;462;-1
40;996;934;-1
40;997;432;-1
41;6;948;-1
41;24;945;-1
41;36;962;-1
41;81;738;-1
41;87;757;-1
41;100;924;-1
41;123;559;-1
41;175;545;-1
41;253;498;-1
41;285;685;-1
41;303;541;-1
41;371;829;-1
41;375;948;-1
41;378;566;-1
41;378;864;-1
41;386;595;-1
41;412;921;-1
41;422;125;-1
41;432;508;-1
41;449;122;-1
41;451;461;-1
41;464;106;-1
41;467;783;-1
41;472;458;-1
41;484;643;-1
41;523;406;-1
41;532;816;-1
41;578;962;-1
41;590;731;-1
41;659;44;-1
41;695;789;-1
41;707;423;-1
41;708;920;-1
41;712;575;-1
41;717;253;-1
41;720;830;-1
41;724;955;-1
41;743;285;-1
41;747;109;-1
41;783;935;-1
41;803;900;-1
41;812;501;-1
41;829;84;-1
41;846;405;-1
41;886;692;-1
41;920;22;-1
41;939;785;-1
41;947;453;-1
41;950;699;-1
42;3;902;-1
42;4;938;-1
42;21;930;-1
42;28;703;-1
42;31;741;-1
42;71;729;-1
42;104;825;-1
42;142;940;-1
42;149;836;-1
42;184;91;-1
42;185;111;-1
42;194;900;-1
42;367;122;-1
42;373;689;-1
42;376;611;-1
42;391;918;-1
42;410;124;-1
42;413;181;-1
42;419;911;-1
42;448;630;-1
42;458;594;-1
42;462;902;-1
42;467;401;-1
42;496;845;-1
42;512;868;-1
42;531;609;-1
42;538;517;-1
42;547;239;-1
42;579;711;-1
42;580;705;-1
42;596;936;-1
42;611;724;-1
42;614;681;-1
42;615;371;-1
42;616;277;-1
42;639;145;-1
42;646;655;-1
42;713;326;-1
42;798;159;-1
42;806;951;-1
42;811;98;-1
42;835;59;-1
42;840;667;-1
42;851;379;-1
42;860;438;-1
42;879;530;-1
42;894;243;-1
42;902;917;-1
42;925;598;-1
42;940;779;-1
42;941;46;-1
42;951;814;-1
42;963;370;-1
42;973;826;-1
42;995;247;-1
42;995;851;-1
43;14;740;-1
43;116;115;-1
43;183;914;-1
43;230;714;-1
43;303;396;-1
43;312;460;-1
43;318;405;-1
43;328;386;-1
43;351;831;-1
43;351;888;-1
43;359;559;-1
43;383;534;-1
43;422;922;-1
43;443;852;-1
43;446;141;-1
43;465;612;-1
43;473;804;-1
43;475;708;-1
43;476;567;-1
43;483;604;-1
43;490;108;-1
43;533;364;-1
43;535;585;-1
43;571;900;-1
43;584;866;-1
43;601;928;-1
43;636;413;-1
43;671;115;-1
43;671;923;-1
43;678;47;-1
43;678;960;-1
43;684;960;-1
43;686;750;-1
43;715;492;-1
43;717;310;-1
43;717;382;-1
43;730;76;-1
43;738;49;-1
43;740;514;-1
43;741;968;-1
43;765;290;-1
43;819;848;-1
43;825;675;-1
43;826;368;-1
43;850;461;-1
43;859;954;-1
43;861;767;-1
43;863;270;-1
43;872;854;-1
43;882;730;-1
43;899;314;-1
43;907;147;-1
43;921;924;-1
43;926;84;-1
43;958;901;-1
43;966;753;-1
43;991;548;-1
44;24;752;-1
44;216;911;-1
44;216;920;-1
44;282;276;-1
44;311;918;-1
44;335;400;-1
44;337;755;-1
44;359;884;-1
44;362;338;-1
44;367;281;-1
44;370;598;-1
44;391;662;-1
44;427;871;-1
44;440;777;-1
44;443;856;-1
44;448;173;-1
44;462;269;-1
44;475;909;-1
44;485;327;-1
44;486;632;-1
44;498;365;-1
44;498;400;-1
44;513;130;-1
44;525;382;-1
44;545;271;-1
44;558;440;-1
44;566;257;-1
44;572;688;-1
44;604;838;-1
44;621;891;-1
44;640;345;-1
44;654;636;-1
44;665;560;-1
44;667;379;-1
44;716;246;-1
44;724;541;-1
44;731;793;-1
44;739;249;-1
44;742;793;-1
44;775;244;-1
44;783;346;-1
44;788;352;-1
44;796;369;-1
44;805;881;-1
44;818;490;-1
44;824;890;-1
44;829;137;-1
44;844;179;-1
44;858;349;-1
44;897;440;-1
44;917;39;-1
44;918;933;-1
44;935;893;-1
44;976;457;-1
45;125;97;-1
45;260;612;-1
45;269;851;-1
45;367;140;-1
45;375;143;-1
45;448;402;-1
45;485;113;-1
45;504;244;-1
45;532;576;-1
45;549;201;-1
45;549;819;-1
45;560;77;-1
45;568;935;-1
45;604;409;-1
45;620;701;-1
45;634;206;-1
45;681;372;-1
45;690;448;-1
45;692;580;-1
45;694;798;-1
45;706;418;-1
45;708;761;-1
45;718;419;-1
45;732;747;-1
45;750;294;-1
45;809;900;-1
45;810;463;-1
45;820;353;-1
45;824;425;-1
45;843;396;-1
45;847;666;-1
45;863;685;-1
45;869;398;-1
45;877;563;-1
45;891;317;-1
45;891;749;-1
45;929;169;-1
45;941;859;-1
45;947;811;-1
45;962;753;-1
45;976;475;-1
46;9;732;-1
46;69;757;-1
46;93;785;-1
46;199;3;-1
46;336;682;-1
46;350;528;-1
46;410;108;-1
46;449;444;-1
46;457;260;-1
46;475;352;-1
46;480;265;-1
46;491;636;-1
46;510;898;-1
46;514;414;-1
46;514;883;-1
46;516;44;-1
46;525;848;-1
46;557;217;-1
46;601;922;-1
46;619;93;-1
46;621;196;-1
46;643;11;-1
46;643;889;-1
46;655;194;-1
46;665;937;-1
46;680;844;-1
46;681;586;-1
46;685;163;-1
46;705;528;-1
46;736;496;-1
46;742;702;-1
46;779;160;-1
46;787;337;-1
46;788;508;-1
46;792;87;-1
46;817;382;-1
46;821;820;-1
46;822;512;-1
46;886;709;-1
46;950;723;-1
46;959;858;-1
46;997;659;-1
46;997;690;-1
47;11;674;-1
47;60;899;-1
47;118;108;-1
47;210;595;-1
47;305;488;-1
47;342;829;-1
47;367;227;-1
47;377;356;-1
47;405;280;-1
47;430;587;-1
47;437;470;-1
47;438;419;-1
47;451;554;-1
47;454;313;-1
47;505;7;-1
47;530;911;-1
47;535;745;-1
47;565;19;-1
47;626;914;-1
47;661;750;-1
47;668;174;-1
47;698;252;-1
47;752;33;-1
47;756;512;-1
47;774;797;-1
47;780;14;-1
47;784;891;-1
47;820;107;-1
47;855;619;-1
47;857;886;-1
47;859;393;-1
47;891;152;-1
47;899;17;-1
47;899;65;-1
47;900;436;-1
47;907;622;-1
47;921;1;-1
47;925;846;-1
47;927;222;-1
47;930;56;-1
47;931;608;-1
47;963;879;-1
48;12;773;-1
48;36;856;-1
48;77;890;-1
48;414;415;-1
48;433;232;-1
48;439;491;-1
48;509;716;-1
48;514;565;-1
48;525;379;-1
48;533;374;-1
48;548;12;-1
48;549;330;-1
48;553;207;-1
48;565;949;-1
48;651;540;-1
48;668;292;-1
48;681;687;-1
48;700;380;-1
48;726;768;-1
48;737;770;-1
48;758;504;-1
48;783;167;-1
48;785;927;-1
48;820;364;-1
48;836;661;-1
48;839;415;-1
48;842;390;-1
48;853;771;-1
48;860;558;-1
48;900;720;-1
48;934;963;-1
48;942;326;-1
48;964;517;-1
48;993;324;-1
49;47;868;-1
49;166;642;-1
49;306;313;-1
49;407;239;-1
49;424;232;-1
49;444;456;-1
49;526;558;-1
49;597;948;-1
49;607;848;-1
49;610;707;-1
49;624;907;-1
49;671;204;-1
49;701;263;-1
49;709;965;-1
49;736;141;-1
49;745;777;-1
49;750;402;-1
49;759;187;-1
49;767;795;-1
49;779;897;-1
49;780;0;-1
49;785;912;-1
49;813;381;-1
49;820;928;-1
49;832;551;-1
49;843;539;-1
49;858;912;-1
49;868;468;-1
49;914;24;-1
49;929;789;-1
49;968;514;-1
49;995;638;-1
50;13;767;-1
50;146;920;-1
50;455;822;-1
50;460;454;-1
50;468;457;-1
50;477;480;-1
50;495;636;-1
50;591;781;-1
50;604;207;-1
50;610;935;-1
50;619;325;-1
50;632;157;-1
50;646;884;-1
50;652;162;-1
50;713;573;-1
50;738;662;-1
50;748;181;-1
50;750;222;-1
50;764;67;-1
50;786;284;-1
50;792;896;-1
50;799;946;-1
50;819;463;-1
50;826;134;-1
50;909;748;-1
50;935;539;-1
51;10;721;-1
51;17;797;-1
51;129;39;-1
51;387;186;-1
51;422;530;-1
51;491;416;-1
51;521;250;-1
51;529;512;-1
51;531;489;-1
51;573;332;-1
51;580;573;-1
51;581;394;-1
51;608;316;-1
51;631;340;-1
51;670;820;-1
51;720;617;-1
51;768;117;-1
51;808;95;-1
51;809;457;-1
51;826;888;-1
51;836;48;-1
51;852;96;-1
51;857;53;-1
51;878;489;-1
51;915;738;-1
51;916;968;-1
51;946;744;-1
51;953;496;-1
51;985;493;-1
52;82;842;-1
52;409;260;-1
52;413;482;-1
52;496;427;-1
52;522;383;-1
52;593;86;-1
52;598;323;-1
52;604;945;-1
52;636;810;-1
52;640;354;-1
52;673;877;-1
52;722;433;-1
52;724;693;-1
52;753;663;-1
52;760;240;-1
52;788;129;-1
52;789;915;-1
52;794;385;-1
52;794;658;-1
52;806;80;-1
52;807;894;-1
52;809;720;-1
52;817;433;-1
52;817;881;-1
52;818;82;-1
52;821;669;-1
52;833;698;-1
52;850;411;-1
52;879;693;-1
52;879;698;-1
52;945;464;-1
52;948;725;-1
52;954;449;-1
53;12;812;-1
53;49;809;-1
53;188;617;-1
53;404;391;-1
53;412;709;-1
53;429;320;-1
53;490;426;-1
53;558;524;-1
53;631;785;-1
53;639;429;-1
53;654;857;-1
53;665;565;-1
53;703;921;-1
53;713;444;-1
53;724;779;-1
53;736;28;-1
53;772;251;-1
53;783;943;-1
53;789;550;-1
53;864;47;-1
53;872;571;-1
53;874;59;-1
53;892;489;-1
53;904;898;-1
53;939;454;-1
53;942;633;-1
53;943;747;-1
53;957;746;-1
53;963;872;-1
54;180;595;-1
54;384;713;-1
54;427;270;-1
54;472;966;-1
54;482;353;-1
54;557;538;-1
54;575;32;-1
54;609;413;-1
54;628;514;-1
54;658;526;-1
54;671;276;-1
54;712;955;-1
54;720;278;-1
54;725;706;-1
54;732;242;-1
54;738;895;-1
54;745;905;-1
54;753;791;-1
54;797;371;-1
54;918;956;-1
54;930;543;-1
54;951;594;-1
54;953;565;-1
55;133;906;-1
55;351;481;-1
55;389;507;-1
55;391;742;-1
55;458;464;-1
55;470;470;-1
55;474;522;-1
55;491;323;-1
55;501;320;-1
55;546;689;-1
55;551;403;-1
55;597;540;-1
55;605;350;-1
55;646;906;-1
55;667;844;-1
55;669;401;-1
55;688;529;-1
55;711;429;-1
55;728;798;-1
55;738;654;-1
55;742;228;-1
55;756;343;-1
55;832;421;-1
55;845;720;-1
55;850;77;-1
55;906;381;-1
55;924;467;-1
55;931;645;-1
55;941;659;-1
55;946;912;-1
55;960;493;-1
55;965;703;-1
55;982;736;-1
56;18;734;-1
56;81;838;-1
56;200;19;-1
56;431;396;-1
56;459;262;-1
56;480;527;-1
56;489;434;-1
56;623;293;-1
56;647;849;-1
56;670;182;-1
56;674;845;-1
56;699;435;-1
56;720;954;-1
56;721;761;-1
56;754;717;-1
56;811;390;-1
56;825;882;-1
56;840;799;-1
56;842;139;-1
56;860;25;-1
56;876;96;-1
56;883;684;-1
56;884;764;-1
56;897;958;-1
56;914;446;-1
56;962;569;-1
56;975;403;-1
56;976;736;-1
57;326;866;-1
57;420;188;-1
57;421;398;-1
57;616;445;-1
57;625;347;-1
57;642;562;-1
57;649;890;-1
57;656;214;-1
57;668;482;-1
57;711;687;-1
57;716;689;-1
57;741;794;-1
57;792;723;-1
57;799;941;-1
57;802;886;-1
57;810;596;-1
57;811;883;-1
57;825;835;-1
57;833;402;-1
57;861;40;-1
57;914;808;-1
57;924;670;-1
57;950;951;-1
58;8;823;-1
58;10;782;-1
58;10;796;-1
58;336;719;-1
58;423;391;-1
58;458;385;-1
58;472;530;-1
58;534;271;-1
58;555;323;-1
58;659;225;-1
58;704;758;-1
58;774;892;-1
58;775;343;-1
58;781;461;-1
58;894;744;-1
58;903;907;-1
58;917;808;-1
58;921;463;-1
58;992;403;-1
59;361;762;-1
59;535;470;-1
59;693;308;-1
59;697;311;-1
59;763;413;-1
59;777;710;-1
59;796;355;-1
59;797;99;-1
59;804;353;-1
59;805;27;-1
59;846;926;-1
59;866;813;-1
59;873;767;-1
59;897;125;-1
59;918;687;-1
59;927;356;-1
59;952;843;-1
59;955;833;-1
59;959;476;-1
59;977;569;-1
60;565;389;-1
60;622;842;-1
60;677;930;-1
60;679;968;-1
60;697;854;-1
60;706;688;-1
60;706;821;-1
60;729;936;-1
60;738;356;-1
60;820;16;-1
60;883;735;-1
60;901;722;-1
60;949;855;-1
60;974;484;-1
61;351;671;-1
61;508;230;-1
61;582;405;-1
61;611;848;-1
61;705;376;-1
61;868;748;-1
61;888;844;-1
61;910;886;-1
61;994;960;-1
61;995;878;-1
62;527;248;-1
62;652;226;-1
62;674;419;-1
62;712;305;-1
62;718;809;-1
62;758;295;-1
62;758;300;-1
62;760;891;-1
62;767;362;-1
62;788;933;-1
62;805;881;-1
62;838;967;-1
62;940;845;-1
63;613;826;-1
63;683;290;-1
63;683;877;-1
63;689;861;-1
63;777;895;-1
63;810;934;-1
63;833;951;-1
64;686;918;-1
64;718;816;-1
64;725;355;-1
64;728;314;-1
64;732;835;-1
64;737;341;-1
64;738;846;-1
64;754;962;-1
64;774;864;-1
64;785;867;-1
64;798;889;-1
64;810;88;-1
64;937;877;-1
65;640;421;-1
65;806;421;-1
65;896;721;-1
66;803;921;-1
66;902;709;-1
67;540;417;-1
67;564;412;-1
67;570;418;-1
67;581;429;-1
67;614;427;-1
67;623;480;-1
67;624;440;-1
67;632;434;-1
67;653;298;-1
67;688;316;-1
67;695;916;-1
67;704;320;-1
67;704;902;-1
67;731;905;-1
67;741;866;-1
67;741;892;-1
67;763;322;-1
67;769;888;-1
67;782;926;-1
67;789;873;-1
67;790;752;-1
67;794;916;-1
67;797;895;-1
67;798;855;-1
67;823;903;-1
67;825;769;-1
67;825;813;-1
67;829;791;-1
67;836;903;-1
67;849;762;-1
67;858;901;-1
67;879;927;-1
67;883;723;-1
67;891;759;-1
67;913;771;-1
67;922;856;-1
67;928;779;-1
67;947;871;-1
67;955;860;-1
67;964;936;-1
67;984;752;-1
26;400;129;-1
27;400;129;-1
28;360;12;0
27;360;11;0
26;359;11;0
26;375;102;-1
27;375;102;-1
27;411;38;-1
27;410;38;-1
28;419;57;-1
28;419;57;-1
26;458;27;-1
26;457;27;-1
27;495;142;-1
26;495;142;-1
26;639;60;-1
26;682;170;-1
27;683;171;-1
27;698;232;1
27;699;232;1
28;699;231;1
26;843;152;-1
25;842;152;-1
26;889;1;-1
26;889;1;-1
27;917;62;-1
27;916;63;-1
27;195;43;-1
26;199;108;-1
28;200;107;-1
27;228;85;-1
28;228;84;-1
26;235;0;-1
28;234;0;-1
28;261;340;-1
28;261;340;-1
28;285;304;-1
28;286;303;-1
27;371;250;-1
27;433;280;-1
29;433;281;-1
28;456;12;-1
27;456;12;-1
27;474;246;-1
29;475;246;-1
27;512;12;-1
27;536;28;-1
26;535;28;-1
27;544;81;-1
27;545;82;-1
30;589;90;-1
26;586;90;-1
30;590;90;-1
27;587;90;-1
27;670;134;-1
28;671;134;-1
27;806;139;-1
26;805;139;-1
27;824;157;-1
26;848;104;-1
26;873;158;-1
26;874;157;-1
26;891;40;-1
27;892;40;-1
27;937;128;-1
25;938;128;-1
29;61;186;-1
28;60;186;-1
29;116;10;-1
29;116;10;-1
27;160;52;-1
28;167;513;-1
28;167;514;-1
28;187;118;-1
28;258;252;-1
28;332;92;-1
28;331;92;-1
27;336;289;-1
28;364;331;-1
28;364;331;-1
30;401;50;-1
29;401;50;-1
28;409;306;-1
27;412;313;-1
27;440;182;-1
28;503;206;-1
29;504;206;-1
28;588;302;-1
28;592;154;-1
27;630;270;-1
29;631;271;-1
28;647;102;-1
28;646;102;-1
28;709;362;-1
28;709;363;-1
29;758;279;-1
28;758;278;-1
28;814;294;-1
27;825;79;-1
27;824;80;-1
28;853;363;-1
28;853;363;-1
27;877;268;-1
28;962;383;-1
28;962;383;-1
28;971;102;-1
28;970;103;-1
29;997;172;-1
28;997;171;-1
30;121;454;-1
29;121;453;-1
30;169;145;-1
29;168;144;-1
28;181;117;-1
28;215;524;-1
31;216;525;-1
29;249;73;-1
29;248;72;-1
30;301;575;-1
30;301;576;-1
28;320;469;-1
28;369;98;-1
29;392;528;-1
29;392;529;-1
27;392;282;-1
29;403;6;-1
29;407;90;-1
30;407;91;-1
28;412;197;-1
28;412;209;-1
29;453;496;-1
28;503;110;-1
29;506;437;-1
29;507;436;-1
28;524;664;-1
31;525;664;-1
28;530;445;-1
28;537;401;-1
29;545;49;-1
29;544;49;-1
28;563;188;-1
29;563;187;-1
28;573;16;-1
28;605;17;-1
29;625;523;-1
29;658;284;-1
30;658;284;-1
28;658;525;-1
29;659;280;-1
28;709;113;-1
28;732;520;-1
28;732;521;-1
28;734;361;-1
29;737;445;-1
29;737;446;-1
29;787;31;-1
30;787;32;-1
30;791;145;-1
29;791;144;-1
30;829;75;-1
30;829;74;-1
29;840;355;-1
29;840;354;-1
28;910;422;-1
28;925;329;-1
29;958;447;-1
28;970;176;-1
29;992;336;-1
28;993;85;-1
30;6;12;-1
32;7;13;-1
31;139;729;-1
30;139;730;-1
28;199;100;-1
30;208;580;-1
31;232;120;-1
28;232;119;-1
30;254;378;-1
31;256;507;-1
28;256;506;-1
29;274;672;-1
30;320;116;-1
28;320;577;-1
30;351;714;-1
31;361;643;-1
29;360;643;-1
30;369;350;-1
29;370;513;-1
29;404;117;-1
29;406;517;-1
31;427;431;-1
30;426;432;-1
30;438;825;-1
30;438;825;-1
31;442;24;2
31;442;24;2
32;443;25;2
30;450;214;-1
30;464;848;-1
31;463;847;-1
29;467;214;-1
29;483;204;-1
30;483;219;-1
30;502;217;-1
30;502;217;-1
30;504;606;-1
30;504;606;-1
29;520;600;-1
28;536;260;-1
29;543;160;-1
30;543;580;-1
30;549;429;-1
31;549;430;-1
30;557;559;-1
31;558;559;-1
29;563;402;-1
29;564;491;-1
30;570;705;-1
30;628;103;-1
30;628;103;-1
30;651;765;-1
30;651;766;-1
30;667;58;-1
30;667;58;-1
29;677;272;-1
30;678;272;-1
30;696;23;-1
30;695;24;-1
28;728;106;-1
30;742;653;-1
30;753;398;-1
31;754;143;-1
31;754;144;-1
28;776;126;-1
29;777;437;-1
30;807;464;-1
30;815;357;-1
30;814;357;-1
30;817;270;-1
30;818;271;-1
30;824;387;-1
30;868;475;-1
30;868;475;-1
29;905;614;-1
30;925;454;-1
30;932;450;-1
29;944;447;-1
31;978;60;-1
30;978;60;-1
28;978;223;-1
30;992;207;-1
32;84;563;-1
33;85;565;-1
31;84;562;-1
30;100;627;-1
30;118;476;-1
31;161;883;-1
31;204;533;-1
31;220;731;-1
31;220;732;-1
31;261;437;-1
31;263;361;-1
33;265;352;3
34;264;351;3
32;265;352;3
32;265;354;3
37;265;351;-1
31;273;450;-1
31;274;451;-1
30;277;45;-1
32;308;226;-1
31;308;226;-1
31;350;507;-1
32;351;510;-1
33;351;508;-1
31;353;455;-1
30;371;148;-1
32;386;90;-1
31;385;89;-1
30;449;421;-1
32;453;710;-1
33;453;710;-1
30;465;439;-1
30;498;374;-1
30;517;369;-1
30;533;418;-1
30;544;231;-1
30;554;538;-1
31;562;274;-1
32;562;274;-1
30;563;195;-1
31;597;601;-1
31;597;601;-1
31;615;309;-1
31;615;309;-1
31;619;678;-1
30;618;677;-1
31;632;185;-1
31;645;153;-1
31;648;405;-1
31;647;405;-1
31;653;178;-1
32;652;179;-1
30;668;95;-1
31;671;122;-1
32;673;664;-1
31;673;664;-1
31;679;517;-1
31;678;516;-1
31;702;77;-1
31;702;77;-1
33;702;78;-1
31;753;473;-1
31;758;194;-1
31;757;194;-1
30;770;230;-1
30;857;217;-1
31;858;216;-1
31;864;646;-1
31;873;395;-1
31;873;396;-1
30;874;288;-1
31;878;213;-1
31;877;213;-1
29;883;263;-1
31;884;329;-1
29;884;77;-1
30;910;368;-1
30;943;97;-1
30;946;205;-1
30;947;288;-1
31;975;407;-1
31;975;406;-1
30;977;367;-1
30;977;484;-1
31;980;141;-1
30;980;140;-1
31;15;666;-1
31;31;888;-1
32;64;869;-1
34;65;869;-1
32;83;534;-1
32;108;917;-1
32;108;918;-1
31;122;779;-1
31;137;892;-1
31;140;544;-1
32;153;497;-1
32;183;904;-1
31;199;527;-1
32;216;1;-1
32;275;735;-1
31;332;33;-1
32;343;863;-1
32;344;577;-1
31;344;576;-1
32;345;233;4
33;345;233;4
34;346;234;4
31;365;798;-1
32;395;26;-1
31;415;490;-1
32;433;780;-1
32;439;945;-1
31;438;946;-1
32;451;614;-1
32;452;615;-1
34;456;778;-1
30;456;780;-1
32;457;850;-1
31;456;851;-1
31;500;691;-1
31;509;448;-1
31;527;389;-1
33;545;270;-1
33;545;271;-1
33;566;429;5
33;566;429;5
33;566;428;5
31;593;723;-1
31;639;154;-1
31;649;134;-1
33;659;155;-1
32;661;156;-1
34;658;157;-1
31;666;138;-1
32;679;623;-1
31;685;404;-1
32;686;116;-1
32;686;116;-1
30;695;239;-1
32;728;636;-1
32;728;636;-1
33;730;450;6
34;730;450;6
33;729;451;6
33;734;517;-1
33;734;516;-1
31;751;897;-1
32;776;390;-1
31;776;390;-1
31;810;353;-1
32;822;780;-1
31;851;722;-1
30;875;403;-1
33;877;710;-1
32;877;710;-1
31;903;340;-1
32;902;341;-1
31;923;177;-1
33;957;258;-1
32;957;258;-1
31;967;493;-1
32;966;20;-1
32;974;729;-1
33;974;730;-1
31;979;396;-1
32;978;397;-1
32;994;446;-1
33;993;446;-1
34;10;888;-1
34;10;887;-1
31;96;624;-1
32;114;928;-1
31;136;766;-1
33;145;480;-1
33;189;537;-1
32;219;518;-1
33;223;483;-1
31;245;388;-1
32;248;335;-1
34;248;336;-1
31;252;80;-1
32;255;954;-1
32;287;915;-1
34;289;298;-1
33;289;298;-1
32;290;830;-1
32;310;415;-1
32;309;415;-1
32;332;177;-1
33;389;76;-1
34;390;76;-1
31;391;945;-1
31;402;343;-1
32;420;893;-1
32;441;869;-1
32;468;401;-1
32;469;942;-1
33;480;226;-1
35;480;227;-1
34;480;379;-1
34;482;377;-1
34;479;379;-1
33;490;595;-1
33;549;882;-1
31;558;286;-1
33;560;905;-1
33;565;256;-1
32;574;962;-1
33;583;919;-1
32;624;104;-1
32;634;437;-1
31;633;436;-1
31;639;357;-1
32;647;632;-1
33;689;659;7
34;689;658;7
33;689;659;7
31;697;956;-1
32;707;927;-1
32;735;573;-1
31;742;494;-1
32;779;76;-1
33;802;283;-1
32;828;442;-1
32;851;437;-1
33;873;251;-1
33;883;236;-1
32;883;235;-1
33;940;287;-1
33;958;174;-1
34;974;201;8
33;974;201;8
34;974;201;8
33;978;318;-1
33;983;169;-1
34;15;736;-1
33;221;577;-1
35;222;344;-1
35;221;343;-1
33;228;502;-1
34;243;346;-1
34;244;884;-1
34;243;884;-1
32;249;703;-1
34;281;700;-1
33;305;626;-1
35;342;386;-1
35;341;386;-1
34;347;602;-1
34;352;645;-1
35;376;137;-1
34;389;50;-1
33;392;386;-1
35;401;94;-1
35;402;94;-1
34;414;564;-1
34;414;564;-1
34;424;810;-1
34;424;809;-1
33;426;840;-1
33;427;271;-1
35;439;921;-1
34;438;921;-1
34;441;640;-1
33;441;640;-1
34;477;401;-1
34;477;400;-1
34;538;340;-1
34;573;331;-1
33;574;452;-1
33;592;931;-1
35;593;651;9
36;594;651;9
35;593;651;9
37;594;652;9
34;599;433;-1
34;599;920;-1
33;605;945;-1
33;616;493;-1
34;684;163;10
34;682;163;10
35;685;162;10
34;681;163;10
34;696;826;-1
32;713;68;-1
34;718;505;-1
34;719;505;-1
33;732;410;-1
34;738;3;-1
34;743;576;-1
34;762;33;-1
35;762;33;-1
33;796;875;-1
33;833;544;-1
32;849;424;-1
34;856;381;-1
34;857;380;-1
34;861;243;-1
34;861;243;-1
34;892;708;-1
34;892;708;-1
32;972;907;-1
34;973;545;-1
34;973;544;-1
34;975;113;-1
35;975;113;-1
34;988;155;-1
35;988;156;-1
33;990;362;-1
34;29;707;-1
35;66;140;-1
36;66;141;-1
34;94;639;-1
34;98;716;-1
36;126;731;-1
36;126;731;-1
35;230;512;-1
35;230;512;-1
35;234;484;-1
34;237;353;-1
33;256;806;-1
34;278;551;-1
35;289;621;-1
36;290;622;-1
33;333;667;-1
34;344;963;-1
35;373;17;-1
36;373;17;-1
36;382;207;-1
35;381;207;-1
34;416;659;-1
34;436;789;-1
33;443;669;-1
35;533;465;-1
34;595;951;-1
36;598;649;-1
35;598;649;-1
34;619;434;-1
35;631;93;-1
34;630;92;-1
35;634;327;-1
35;633;327;-1
34;634;738;-1
35;660;134;-1
39;663;131;-1
35;661;134;-1
36;664;762;-1
36;665;762;-1
35;666;542;-1
34;670;755;-1
34;678;97;-1
35;683;48;-1
36;683;48;-1
34;694;757;-1
36;715;498;-1
36;715;499;-1
36;719;84;-1
36;719;84;-1
34;735;263;-1
35;747;753;-1
35;747;752;-1
35;767;405;-1
36;781;566;-1
35;780;566;-1
34;784;74;-1
35;790;693;-1
34;793;176;-1
36;796;203;-1
36;797;203;-1
34;799;968;-1
34;816;77;-1
34;825;620;-1
34;839;529;-1
34;842;225;-1
35;847;305;-1
34;846;304;-1
34;873;960;-1
34;899;466;-1
34;922;145;-1
35;923;146;-1
34;931;317;-1
34;962;615;-1
35;974;319;-1
34;992;124;-1
36;24;914;-1
35;25;915;-1
36;60;701;-1
37;60;701;-1
36;122;728;-1
39;136;109;-1
35;139;109;-1
41;136;110;-1
35;139;745;-1
38;140;147;11
39;140;148;11
38;140;147;11
37;154;484;-1
36;153;484;-1
34;210;941;-1
36;238;42;-1
38;238;43;-1
34;249;911;-1
35;312;245;-1
36;314;763;-1
36;317;611;-1
35;328;631;-1
35;356;183;-1
35;372;640;-1
36;377;538;-1
37;378;538;-1
37;430;438;-1
37;430;437;-1
36;427;438;-1
35;436;108;-1
34;449;845;-1
37;458;568;12
37;458;568;12
37;458;566;12
35;461;108;-1
34;465;269;-1
35;467;605;-1
35;468;443;-1
35;475;830;-1
36;480;848;-1
36;552;25;-1
40;549;26;-1
38;553;26;-1
35;566;29;-1
36;575;226;-1
36;594;619;-1
36;593;619;-1
36;596;338;-1
37;597;337;-1
36;646;682;-1
36;646;683;-1
37;652;389;13
37;653;390;13
41;652;388;-1
36;652;391;13
36;654;4;-1
35;654;3;-1
35;681;123;-1
36;689;501;-1
34;699;592;-1
36;722;789;-1
34;746;761;-1
37;773;89;14
37;772;90;14
37;773;90;14
35;790;33;-1
37;802;164;-1
37;802;164;-1
36;807;878;-1
36;808;878;-1
35;829;632;-1
36;842;479;-1
36;842;480;-1
35;852;416;-1
35;866;626;-1
36;882;757;-1
34;925;459;-1
36;939;240;-1
36;938;240;-1
37;949;270;-1
36;949;270;-1
36;958;378;-1
36;960;786;-1
35;961;786;-1
37;967;110;15
37;967;111;15
37;968;110;15
36;970;456;-1
35;981;390;-1
35;980;416;-1
36;56;191;-1
37;97;725;-1
35;105;131;-1
37;106;110;-1
37;132;140;-1
39;132;140;-1
38;148;114;-1
38;148;115;-1
35;155;145;-1
37;202;616;-1
37;220;299;-1
37;220;300;-1
36;223;325;-1
37;227;744;-1
37;231;572;-1
36;242;541;-1
36;251;916;-1
38;255;333;-1
38;254;333;-1
36;263;693;-1
36;262;934;-1
37;276;471;-1
38;278;692;-1
38;278;693;-1
36;288;533;-1
37;298;724;-1
37;298;725;-1
35;318;652;-1
36;319;237;-1
35;336;915;-1
35;345;148;-1
37;350;590;-1
36;349;589;-1
36;403;928;-1
37;419;404;-1
37;419;405;-1
37;438;781;-1
35;465;234;-1
36;471;110;-1
36;507;597;-1
36;520;48;-1
37;535;285;-1
37;534;285;-1
36;546;392;-1
35;549;265;-1
36;587;807;-1
36;594;442;-1
36;596;888;-1
37;596;889;-1
36;648;1;-1
36;652;884;-1
37;654;149;-1
37;654;150;-1
37;674;365;-1
37;674;365;-1
37;676;529;-1
37;711;452;-1
37;711;452;-1
35;715;720;-1
36;719;53;-1
36;723;388;-1
37;722;387;-1
37;744;291;-1
37;744;290;-1
37;744;799;-1
36;750;32;-1
36;777;487;-1
38;812;201;16
37;811;202;16
38;812;202;16
36;814;948;-1
35;851;909;-1
37;855;453;-1
37;855;452;-1
37;859;205;-1
37;858;206;-1
36;861;101;-1
37;873;680;-1
35;879;770;-1
37;931;774;-1
37;931;774;-1
36;945;731;-1
36;987;160;-1
37;73;845;-1
37;122;902;-1
37;122;901;-1
39;217;20;17
39;218;20;17
38;215;20;17
36;219;19;-1
37;224;524;-1
37;235;799;-1
38;242;3;-1
38;270;373;-1
37;271;373;-1
38;277;382;-1
38;276;381;-1
37;278;589;-1
37;299;651;-1
36;303;245;-1
39;316;706;-1
37;315;705;-1
38;353;199;-1
37;357;832;-1
38;363;825;-1
38;373;6;-1
36;385;560;-1
39;395;887;-1
40;395;887;-1
37;434;876;-1
37;434;415;-1
36;457;449;-1
38;480;246;-1
40;481;246;-1
37;490;185;-1
38;495;413;-1
37;494;412;-1
37;517;602;-1
38;525;296;-1
38;525;296;-1
37;546;22;-1
37;562;184;-1
37;577;503;-1
38;583;319;-1
38;588;783;-1
38;590;612;-1
39;590;611;-1
37;594;625;-1
37;603;908;-1
37;636;124;-1
37;638;871;-1
38;649;361;-1
37;650;871;-1
37;649;921;-1
37;675;121;-1
38;674;120;-1
37;699;428;-1
37;699;906;-1
36;723;273;-1
36;724;769;-1
37;751;655;-1
38;753;36;-1
37;761;383;-1
38;768;788;-1
37;793;372;-1
38;793;371;-1
38;796;172;-1
39;796;173;-1
38;800;335;-1
39;800;336;-1
37;801;487;-1
37;802;509;-1
39;817;543;-1
39;817;543;-1
38;829;319;-1
38;833;506;-1
37;866;494;-1
37;870;663;-1
38;882;495;-1
38;882;494;-1
37;894;264;-1
37;902;77;-1
37;926;20;-1
38;930;68;-1
36;938;831;-1
38;950;831;-1
38;949;830;-1
37;975;313;-1
36;980;332;-1
37;995;374;-1
38;996;374;-1
38;29;621;-1
38;115;690;-1
38;123;522;-1
37;129;156;-1
40;133;688;-1
38;133;687;-1
38;144;762;-1
37;237;832;-1
39;270;599;-1
41;313;223;18
40;313;223;18
40;313;224;18
38;321;686;-1
39;332;675;-1
39;334;671;-1
40;334;672;-1
38;331;675;-1
40;333;613;-1
41;331;616;-1
39;333;613;-1
41;343;129;-1
41;342;130;-1
38;343;130;-1
39;349;638;-1
38;368;318;-1
39;368;813;-1
38;375;623;-1
39;402;86;-1
40;403;86;-1
39;419;865;-1
38;437;893;-1
38;444;260;-1
38;450;49;-1
39;469;244;-1
38;469;243;-1
38;470;237;-1
39;510;614;-1
39;512;611;-1
39;511;614;-1
39;520;872;-1
39;521;873;-1
38;527;389;-1
37;559;561;-1
39;568;580;-1
39;567;581;-1
39;588;338;-1
39;614;935;-1
38;616;353;-1
38;622;421;-1
39;633;639;-1
39;633;638;-1
40;634;128;-1
39;635;128;-1
39;655;261;-1
39;684;105;-1
39;694;470;-1
39;701;602;-1
39;701;601;-1
40;702;84;-1
39;702;84;-1
37;708;439;-1
38;710;442;-1
40;725;905;-1
40;724;906;-1
38;726;904;-1
38;747;172;-1
40;768;798;-1
39;767;798;-1
40;821;215;19
40;821;216;19
40;821;215;19
38;826;523;-1
39;842;899;-1
38;845;835;-1
38;856;529;-1
37;855;528;-1
39;865;916;-1
37;885;742;-1
38;926;786;-1
46;952;450;-1
39;954;450;-1
45;953;450;-1
39;955;180;-1
39;959;448;-1
39;982;407;-1
39;981;407;-1
38;982;876;-1
40;2;928;-1
38;69;926;-1
39;103;902;-1
40;113;575;-1
41;134;702;-1
41;134;702;-1
40;144;814;-1
41;164;75;-1
41;163;75;-1
41;181;864;-1
42;181;865;-1
39;220;540;-1
39;265;517;-1
40;313;612;-1
39;334;640;-1
39;354;549;-1
39;475;160;-1
40;490;51;-1
39;502;602;-1
41;508;329;-1
40;508;329;-1
41;523;163;-1
41;523;164;-1
39;560;273;-1
39;572;611;-1
40;581;14;-1
40;615;347;-1
40;677;749;-1
39;679;114;-1
38;695;125;-1
40;707;372;-1
39;707;371;-1
40;711;418;-1
40;711;418;-1
39;764;81;-1
40;776;75;-1
40;775;75;-1
39;786;159;-1
41;796;119;-1
41;795;119;-1
40;809;170;-1
40;808;169;-1
40;812;219;-1
40;814;441;-1
39;832;649;-1
39;842;544;-1
40;878;445;-1
39;901;778;-1
39;908;273;-1
41;908;310;-1
41;908;311;-1
39;933;823;-1
39;946;615;-1
39;958;149;-1
40;959;569;-1
39;972;891;-1
40;996;737;-1
40;31;926;-1
39;115;935;-1
41;116;0;-1
42;116;0;-1
41;137;811;-1
42;136;810;-1
40;220;880;-1
39;221;840;-1
40;270;232;-1
40;358;823;-1
41;360;584;-1
40;410;880;-1
39;419;640;-1
42;421;928;-1
42;421;928;-1
40;425;581;-1
41;428;20;-1
42;428;21;-1
42;434;190;20
42;434;190;20
41;435;190;20
43;449;25;-1
42;449;25;-1
40;469;469;-1
41;479;537;-1
41;479;536;-1
40;482;507;-1
40;503;398;-1
40;514;664;-1
42;520;54;-1
41;520;53;-1
40;533;489;-1
41;552;423;-1
42;552;422;-1
40;585;629;-1
41;620;182;-1
40;621;182;-1
41;627;4;-1
42;627;5;-1
40;666;52;-1
40;690;658;-1
41;692;663;-1
42;694;461;-1
41;694;461;-1
40;703;118;-1
40;705;625;-1
42;722;393;-1
42;722;393;-1
45;719;394;-1
40;724;407;-1
41;747;642;-1
39;758;606;-1
40;776;485;-1
41;851;56;-1
40;895;589;-1
42;925;578;-1
42;925;578;-1
41;934;49;-1
41;934;48;-1
42;935;91;-1
43;935;91;-1
39;937;808;-1
41;945;14;-1
40;967;280;-1
43;105;861;-1
42;104;860;-1
41;152;549;-1
40;186;942;-1
43;203;601;-1
44;203;602;-1
41;287;268;-1
42;314;735;-1
43;313;736;-1
41;317;602;-1
41;347;619;-1
42;415;601;-1
41;416;600;-1
43;422;646;-1
44;421;649;-1
43;422;646;-1
41;454;106;-1
43;454;107;-1
44;460;394;21
43;460;393;21
43;459;394;21
42;470;603;-1
42;491;198;-1
42;516;292;-1
41;517;292;-1
42;527;788;-1
43;552;33;22
43;551;33;22
43;552;34;22
40;551;337;-1
41;586;711;-1
41;590;780;-1
42;615;331;-1
43;616;144;-1
43;616;145;-1
43;619;130;-1
43;619;129;-1
41;636;264;-1
42;639;562;-1
41;640;562;-1
42;644;917;-1
41;647;762;-1
42;657;126;-1
42;658;127;-1
42;668;848;-1
42;668;847;-1
42;675;54;-1
41;691;827;-1
42;692;828;-1
41;703;782;-1
41;723;441;-1
43;730;90;-1
42;730;91;-1
42;730;539;-1
41;731;539;-1
43;801;115;-1
43;801;115;-1
41;808;568;-1
41;815;912;-1
42;842;377;-1
42;841;378;-1
42;868;250;-1
43;869;249;-1
40;868;906;-1
41;874;621;-1
41;881;628;-1
42;893;454;-1
42;892;454;-1
42;911;78;-1
41;914;430;-1
43;925;27;-1
43;926;27;-1
45;925;26;-1
42;936;768;-1
43;942;610;-1
43;942;610;-1
40;991;338;-1
43;991;368;-1
44;111;31;-1
43;202;9;-1
43;254;715;-1
44;254;715;-1
42;297;435;-1
43;313;660;-1
43;338;629;-1
41;341;865;-1
43;366;549;-1
44;366;548;-1
42;459;627;-1
43;495;193;-1
42;512;589;-1
44;514;262;-1
44;514;262;-1
41;527;62;-1
42;535;492;-1
42;550;706;-1
42;567;643;-1
43;588;307;-1
42;606;304;-1
43;612;686;-1
43;613;686;-1
43;683;113;-1
42;747;600;-1
44;757;208;-1
44;756;209;-1
43;810;261;-1
43;811;260;-1
42;820;828;-1
43;842;604;-1
43;855;249;-1
44;855;248;-1
42;862;635;-1
43;894;213;-1
44;894;213;-1
42;896;926;-1
43;909;247;-1
43;908;247;-1
43;940;59;23
44;940;59;23
44;941;59;23
42;943;191;-1
44;945;158;-1
43;945;158;-1
43;987;307;-1
44;988;307;-1
43;989;351;-1
43;988;352;-1
42;991;403;-1
42;994;363;-1
43;134;583;-1
43;170;100;-1
43;177;842;-1
46;178;842;-1
45;311;935;-1
46;311;935;-1
43;341;614;-1
44;350;253;-1
42;350;254;-1
43;358;701;-1
44;379;341;-1
44;379;341;-1
42;401;447;-1
44;411;890;-1
45;450;5;-1
45;450;4;-1
43;458;909;-1
43;471;887;-1
44;486;245;-1
44;486;245;-1
43;532;767;-1
42;569;505;-1
44;597;550;-1
44;597;551;-1
42;625;112;-1
43;631;731;-1
44;636;424;-1
46;637;424;-1
45;664;163;-1
45;664;162;-1
44;698;103;-1
43;699;102;-1
43;712;99;-1
44;712;426;-1
43;713;433;-1
42;719;955;-1
43;723;627;-1
43;733;628;-1
44;741;9;-1
44;758;234;-1
43;794;458;-1
44;796;225;-1
45;796;225;-1
45;826;419;24
45;825;420;24
46;826;420;24
43;848;581;-1
44;858;492;-1
44;858;493;-1
44;874;747;-1
44;874;747;-1
43;884;255;-1
44;915;680;-1
43;934;69;-1
43;944;145;-1
44;40;705;-1
45;113;896;-1
43;114;896;-1
44;187;563;-1
44;282;878;-1
45;317;484;-1
46;367;638;-1
46;414;407;-1
46;415;407;-1
46;420;190;-1
45;420;191;-1
45;446;2;-1
45;446;2;-1
44;461;776;-1
44;485;374;-1
44;486;612;-1
45;523;24;-1
44;530;341;-1
43;531;305;-1
43;547;796;-1
45;588;793;-1
46;587;794;-1
45;591;757;-1
45;596;622;-1
45;608;408;-1
46;609;409;-1
44;637;338;-1
45;660;936;-1
43;661;368;-1
43;670;21;-1
44;673;449;-1
44;679;553;-1
44;712;438;-1
43;809;544;-1
43;813;77;-1
45;832;675;-1
45;864;543;-1
44;865;542;-1
44;877;269;-1
45;882;303;-1
46;883;302;-1
44;922;73;-1
44;925;79;-1
45;924;80;-1
43;946;9;-1
47;2;681;-1
45;92;750;-1
45;214;76;-1
46;404;245;-1
45;435;814;-1
46;439;720;-1
46;439;721;-1
46;443;264;-1
45;444;808;-1
46;474;255;-1
46;494;435;-1
45;503;367;-1
45;602;508;-1
45;610;898;-1
44;611;327;-1
45;622;134;-1
46;625;276;-1
46;625;275;-1
46;632;89;-1
47;631;89;-1
46;634;141;-1
45;696;391;-1
45;708;102;-1
46;715;446;-1
46;731;595;-1
46;741;254;-1
46;741;255;-1
46;753;470;-1
46;757;182;-1
45;758;126;-1
46;768;709;-1
47;769;785;-1
48;769;786;-1
46;811;202;-1
45;819;501;-1
45;829;790;-1
46;851;803;-1
46;855;205;-1
47;854;205;-1
45;867;913;-1
45;881;291;-1
46;899;302;-1
49;900;303;-1
46;924;458;-1
45;923;458;-1
44;948;921;-1
47;39;764;-1
47;196;570;-1
46;403;391;-1
47;415;271;-1
46;437;407;-1
46;481;160;-1
46;515;608;-1
47;549;878;-1
48;549;879;-1
46;577;911;-1
47;578;6;-1
47;581;306;-1
47;612;178;-1
48;613;178;-1
47;622;312;-1
46;635;126;-1
46;650;52;-1
45;662;7;-1
47;669;826;-1
46;669;825;-1
46;692;594;-1
47;730;282;-1
47;777;292;-1
47;785;278;-1
47;800;653;-1
46;809;463;-1
46;827;234;-1
46;827;235;-1
46;832;77;-1
46;864;795;-1
46;863;796;-1
45;866;458;-1
47;872;450;-1
46;872;450;-1
47;886;640;-1
47;886;639;-1
46;906;684;-1
46;907;321;-1
47;914;930;-1
46;923;308;-1
47;936;903;-1
46;957;283;-1
46;956;894;-1
47;205;578;-1
47;386;295;-1
46;424;720;-1
47;441;562;-1
48;500;3;-1
48;501;4;-1
48;521;352;-1
48;533;920;-1
50;565;305;-1
49;564;305;-1
47;578;626;-1
48;580;948;-1
48;581;948;-1
47;585;401;-1
49;586;402;-1
48;587;323;-1
46;628;885;-1
47;647;614;-1
46;690;916;-1
49;697;623;-1
48;697;622;-1
47;723;39;-1
48;724;127;-1
48;752;92;-1
48;751;91;-1
49;780;135;-1
49;780;136;-1
47;794;892;-1
50;803;260;25
49;803;261;25
50;802;260;25
48;805;370;-1
47;825;907;-1
47;841;481;-1
47;947;585;-1
47;953;904;-1
47;978;326;-1
49;5;858;-1
52;6;859;-1
48;152;103;-1
49;316;299;-1
48;403;183;-1
49;492;643;-1
50;536;312;-1
50;546;34;-1
48;587;737;-1
49;606;140;-1
48;608;831;-1
49;664;168;-1
50;665;169;-1
49;674;413;-1
50;693;766;-1
49;694;765;-1
48;754;650;-1
48;762;387;-1
48;762;621;-1
49;772;717;-1
49;775;379;-1
49;774;379;-1
50;800;357;-1
48;801;357;-1
49;814;670;-1
49;832;376;-1
48;835;508;-1
49;870;587;-1
49;870;586;-1
49;920;19;-1
50;294;292;-1
50;384;671;-1
49;408;558;-1
50;409;369;-1
51;408;370;-1
50;446;439;-1
49;456;942;-1
50;478;193;-1
51;478;194;-1
50;507;408;-1
48;534;499;-1
49;597;939;-1
50;604;422;-1
49;619;725;-1
49;622;876;-1
49;680;957;-1
49;686;603;-1
49;728;565;-1
49;737;481;-1
49;772;181;-1
49;778;509;-1
49;805;103;-1
49;809;363;-1
51;830;893;-1
49;848;418;-1
49;851;458;-1
49;858;709;-1
50;914;785;-1
49;965;274;-1
49;991;784;-1
51;38;789;-1
49;38;788;-1
50;102;836;-1
50;340;510;-1
51;387;691;-1
52;430;279;-1
52;430;278;-1
50;430;486;-1
50;502;706;-1
51;521;288;-1
57;521;289;-1
51;555;529;-1
50;555;529;-1
51;585;15;-1
53;585;14;-1
50;595;49;-1
50;660;490;-1
50;724;527;-1
53;725;528;-1
52;742;45;-1
52;742;45;-1
50;786;83;-1
51;875;148;-1
50;891;712;-1
52;19;738;-1
52;58;865;-1
53;93;830;-1
53;95;829;-1
51;204;28;-1
50;386;149;-1
50;463;181;-1
51;478;433;-1
51;485;509;-1
52;519;281;-1
51;561;40;-1
52;612;548;-1
52;649;174;-1
52;684;412;-1
52;695;171;-1
52;733;263;-1
52;759;127;-1
54;758;126;-1
51;781;236;-1
51;837;393;-1
52;906;143;-1
50;905;143;-1
50;906;951;-1
51;929;575;-1
53;40;735;-1
55;39;735;-1
53;177;602;-1
52;178;601;-1
53;388;181;-1
53;388;337;-1
56;388;337;-1
53;466;134;-1
53;544;171;-1
53;556;57;-1
54;556;58;-1
53;565;174;-1
53;564;173;-1
52;603;483;-1
53;610;543;-1
54;611;542;-1
55;609;543;-1
52;611;588;-1
54;612;589;-1
53;727;472;-1
54;738;166;-1
53;738;165;-1
52;770;650;-1
54;788;327;-1
53;830;454;-1
52;879;26;-1
52;941;848;-1
52;951;866;-1
52;971;302;-1
53;377;669;-1
53;445;208;-1
54;540;184;-1
54;541;183;-1
53;585;96;-1
54;600;84;-1
54;635;560;-1
54;635;559;-1
53;642;926;-1
53;708;456;-1
54;770;737;-1
53;777;417;-1
53;782;467;-1
52;786;707;-1
53;802;97;-1
54;840;728;-1
53;857;680;-1
53;982;711;-1
53;335;697;-1
53;393;714;-1
54;487;171;-1
55;500;380;-1
54;569;511;-1
54;590;321;-1
55;598;339;-1
54;612;307;-1
54;694;929;-1
55;701;717;-1
53;760;376;-1
55;783;937;-1
57;782;937;-1
55;792;121;-1
55;792;120;-1
54;830;128;-1
55;892;100;-1
54;957;404;-1
53;990;783;-1
55;447;336;-1
56;477;221;-1
55;479;152;-1
56;563;366;-1
55;606;955;-1
57;610;948;-1
55;610;953;-1
56;640;701;-1
56;640;699;-1
56;651;404;-1
57;680;190;-1
58;680;190;-1
55;691;231;-1
54;697;274;-1
55;698;421;-1
55;722;667;-1
56;812;105;-1
55;889;121;-1
58;889;121;-1
55;949;810;-1
55;950;809;-1
56;969;486;-1
55;978;487;-1
58;440;518;-1
57;440;519;-1
55;469;543;-1
57;477;252;-1
57;481;462;-1
58;481;462;-1
56;532;681;-1
57;597;545;-1
55;623;828;-1
56;685;918;-1
56;715;359;-1
57;722;800;-1
56;733;326;-1
56;763;344;-1
56;771;35;-1
57;808;838;-1
56;860;116;-1
58;904;460;-1
58;904;460;-1
56;923;836;-1
56;58;799;-1
57;461;287;-1
57;473;304;-1
56;485;381;-1
58;701;418;-1
56;701;651;-1
58;336;718;-1
58;710;806;-1
59;800;110;-1
57;967;486;-1
61;520;432;-1
60;527;360;-1
60;527;361;-1
59;635;799;-1
59;659;265;-1
60;677;465;-1
59;932;793;-1
61;978;625;-1
61;978;626;-1
61;449;504;-1
59;540;275;-1
62;801;84;-1
60;801;85;-1
61;884;403;-1
62;885;402;-1
59;895;736;-1
60;939;880;-1
61;745;726;-1
62;839;81;-1
61;845;730;-1
61;849;817;-1
61;674;326;-1
63;747;293;-1
65;520;221;-1
65;521;221;-1
63;551;358;-1
62;652;225;-1
63;788;900;-1
64;529;406;-1
64;905;422;-1
65;983;576;-1
65;592;413;-1
64;890;709;-1
64;994;788;-1
65;540;417;-1
