25;542;81;-1
25;957;54;-1
25;960;59;-1
26;100;0;-1
26;105;18;-1
26;144;125;-1
26;205;49;-1
26;240;156;-1
26;240;199;-1
26;468;225;-1
26;471;169;-1
26;485;24;-1
26;487;136;-1
26;510;27;-1
26;562;118;-1
26;578;9;-1
26;668;7;-1
26;710;178;-1
26;730;290;-1
26;777;250;-1
26;778;75;-1
26;818;220;-1
26;956;112;-1
26;984;67;-1
27;8;130;-1
27;10;85;-1
27;110;68;-1
27;111;252;-1
27;375;331;-1
27;448;6;-1
27;512;397;-1
27;575;96;-1
27;596;413;-1
27;638;220;-1
27;645;326;-1
27;647;350;-1
27;710;428;-1
27;715;270;-1
27;799;79;-1
27;806;288;-1
27;870;31;-1
27;887;414;-1
27;892;188;-1
27;904;109;-1
27;914;306;-1
27;928;196;-1
27;958;336;-1
27;994;68;-1
27;994;343;-1
28;67;313;-1
28;170;498;-1
28;232;129;-1
28;240;445;-1
28;241;56;-1
28;252;0;-1
28;268;382;-1
28;277;49;-1
28;280;356;-1
28;301;402;-1
28;337;209;-1
28;366;85;-1
28;369;519;-1
28;378;90;-1
28;378;531;-1
28;399;362;-1
28;409;325;-1
28;419;385;-1
28;431;305;-1
28;437;368;-1
28;454;124;-1
28;462;125;-1
28;471;474;-1
28;476;42;-1
28;525;232;-1
28;538;524;-1
28;539;497;-1
28;558;53;-1
28;569;36;-1
28;603;207;-1
28;608;515;-1
28;623;300;-1
28;710;493;-1
28;802;208;-1
29;806;0;-1
28;813;647;-1
28;887;515;-1
28;940;56;-1
28;978;142;-1
29;21;394;-1
29;105;31;-1
29;125;447;-1
29;125;678;-1
29;132;456;-1
29;208;292;-1
29;218;354;-1
29;231;928;-1
29;250;144;-1
29;268;115;-1
29;289;120;-1
29;306;386;-1
29;308;396;-1
29;309;52;-1
29;317;414;-1
29;381;538;-1
29;425;28;-1
29;428;663;-1
29;438;651;-1
29;471;105;-1
29;473;119;-1
29;499;395;-1
29;558;324;-1
29;590;79;-1
29;593;49;-1
29;609;685;-1
29;616;38;-1
29;616;600;-1
29;623;34;-1
29;649;286;-1
29;667;610;-1
29;702;6;-1
29;705;350;-1
29;715;638;-1
29;755;54;-1
29;773;113;-1
29;792;388;-1
29;801;261;-1
29;802;87;-1
29;810;279;-1
29;813;149;-1
29;819;339;-1
29;832;416;-1
29;835;3;-1
29;873;137;-1
29;895;425;-1
29;930;205;-1
29;933;526;-1
29;935;433;-1
29;946;205;-1
29;978;625;-1
29;986;406;-1
30;34;702;-1
30;62;359;-1
30;69;157;-1
30;78;292;-1
30;118;664;-1
30;125;664;-1
30;141;560;-1
30;169;14;-1
30;179;552;-1
30;193;590;-1
30;211;356;-1
30;232;890;-1
30;237;167;-1
30;241;79;-1
30;242;27;-1
30;272;75;-1
30;280;580;-1
30;301;40;-1
30;308;409;-1
30;311;209;-1
30;324;105;-1
30;346;723;-1
30;352;611;-1
30;357;380;-1
30;410;591;-1
30;427;108;-1
30;445;31;-1
30;445;917;-1
30;456;131;-1
30;472;433;-1
30;489;430;-1
30;520;396;-1
30;563;290;-1
30;566;415;-1
30;579;462;-1
30;598;691;-1
30;612;449;-1
30;620;492;-1
30;621;466;-1
30;624;458;-1
30;648;335;-1
30;655;684;-1
30;661;739;-1
30;671;654;-1
30;682;348;-1
30;684;638;-1
30;701;284;-1
30;713;784;-1
30;743;633;-1
30;747;602;-1
30;749;890;-1
30;759;568;-1
30;771;318;-1
30;790;164;-1
30;814;607;-1
30;848;390;-1
30;851;585;-1
30;854;549;-1
30;867;645;-1
30;871;638;-1
30;907;691;-1
30;910;157;-1
30;938;229;-1
30;953;448;-1
30;978;640;-1
30;995;522;-1
30;997;425;-1
31;14;459;-1
31;22;729;-1
31;28;843;-1
31;31;270;-1
31;48;222;-1
31;101;755;-1
31;117;104;-1
31;123;829;-1
31;143;141;-1
31;161;533;-1
31;164;477;-1
31;196;479;-1
31;208;490;-1
31;217;281;-1
31;238;96;-1
31;257;657;-1
31;258;420;-1
31;264;836;-1
31;270;692;-1
31;282;266;-1
31;282;441;-1
31;295;638;-1
31;312;358;-1
31;321;621;-1
31;335;607;-1
31;336;610;-1
31;341;560;-1
31;361;384;-1
31;378;333;-1
31;390;132;-1
31;403;96;-1
31;410;261;-1
31;414;23;-1
31;423;469;-1
31;428;428;-1
31;429;464;-1
31;431;485;-1
31;439;662;-1
31;461;962;-1
31;468;6;-1
31;468;628;-1
31;478;815;-1
31;479;292;-1
31;480;275;-1
31;480;367;-1
31;494;275;-1
31;497;110;-1
31;500;32;-1
31;504;145;-1
31;505;697;-1
31;514;860;-1
31;523;447;-1
31;529;129;-1
31;540;369;-1
31;552;362;-1
31;555;925;-1
31;630;262;-1
31;643;872;-1
31;657;374;-1
31;670;414;-1
31;676;632;-1
31;679;359;-1
31;687;626;-1
31;688;261;-1
31;722;729;-1
31;776;156;-1
31;784;355;-1
31;794;282;-1
31;817;763;-1
31;821;712;-1
31;826;530;-1
31;826;808;-1
31;832;628;-1
31;842;500;-1
31;844;266;-1
31;863;129;-1
31;876;495;-1
31;878;433;-1
31;879;504;-1
31;884;698;-1
31;922;812;-1
31;928;80;-1
31;946;744;-1
31;960;113;-1
31;966;924;-1
31;974;35;-1
31;987;790;-1
31;992;265;-1
31;993;129;-1
32;26;229;-1
32;31;327;-1
32;43;303;-1
32;52;440;-1
32;86;236;-1
32;128;620;-1
32;168;782;-1
32;173;823;-1
32;179;152;-1
32;185;746;-1
32;186;767;-1
32;209;669;-1
32;215;639;-1
32;271;161;-1
32;275;890;-1
32;277;464;-1
32;277;837;-1
32;294;532;-1
32;301;675;-1
32;311;250;-1
32;317;554;-1
32;319;423;-1
32;331;7;-1
32;335;49;-1
32;338;73;-1
32;354;958;-1
32;366;295;-1
32;388;708;-1
32;406;67;-1
32;406;613;-1
32;410;337;-1
32;414;851;-1
32;427;613;-1
32;440;502;-1
32;448;419;-1
32;460;102;-1
32;477;431;-1
32;497;578;-1
32;499;22;-1
32;513;64;-1
32;514;350;-1
32;514;554;-1
32;530;65;-1
32;562;553;-1
32;616;906;-1
32;624;871;-1
32;645;574;-1
32;647;921;-1
32;649;944;-1
32;653;22;-1
32;662;53;-1
32;672;295;-1
32;690;818;-1
32;701;827;-1
32;707;158;-1
32;739;381;-1
32;741;463;-1
32;746;291;-1
32;748;955;-1
32;765;754;-1
32;768;84;-1
32;771;172;-1
32;779;761;-1
32;780;730;-1
32;785;499;-1
32;804;491;-1
32;808;82;-1
32;810;228;-1
32;840;221;-1
32;857;890;-1
32;885;801;-1
32;896;745;-1
32;897;476;-1
32;901;91;-1
32;901;546;-1
32;905;659;-1
32;955;171;-1
32;961;827;-1
32;968;92;-1
32;989;731;-1
33;24;494;-1
33;26;489;-1
33;29;487;-1
33;54;335;-1
33;72;893;-1
33;89;561;-1
33;114;621;-1
33;115;140;-1
33;120;549;-1
33;125;84;-1
33;140;760;-1
33;152;869;-1
33;160;938;-1
33;164;960;-1
33;165;800;-1
33;167;670;-1
33;168;894;-1
33;201;838;-1
33;217;336;-1
34;223;265;-1
33;240;554;-1
33;276;278;-1
33;280;521;-1
33;282;119;-1
33;313;746;-1
33;318;513;-1
33;339;164;-1
33;368;312;-1
33;380;98;-1
33;381;35;-1
33;405;451;-1
33;422;334;-1
33;435;471;-1
33;435;803;-1
33;440;56;-1
33;457;495;-1
33;459;210;-1
33;461;782;-1
33;468;146;-1
33;506;834;-1
33;533;563;-1
33;558;433;-1
33;566;312;-1
33;583;25;-1
33;583;249;-1
33;589;436;-1
33;597;278;-1
33;631;905;-1
33;633;203;-1
33;666;241;-1
33;684;901;-1
33;685;353;-1
33;689;877;-1
33;709;966;-1
33;725;24;-1
33;733;391;-1
33;753;679;-1
33;767;299;-1
33;771;792;-1
33;776;512;-1
33;806;673;-1
33;821;496;-1
33;857;164;-1
33;860;515;-1
33;881;755;-1
33;899;591;-1
33;901;205;-1
33;922;40;-1
33;927;790;-1
33;928;47;-1
33;938;638;-1
33;945;855;-1
33;958;156;-1
33;963;504;-1
33;971;417;-1
33;985;189;-1
34;15;808;-1
34;71;924;-1
34;82;556;-1
34;100;593;-1
34;118;575;-1
34;122;682;-1
34;145;690;-1
34;156;162;-1
34;161;812;-1
34;179;782;-1
34;205;96;-1
34;244;859;-1
34;252;21;-1
34;254;815;-1
34;276;765;-1
34;280;622;-1
34;305;929;-1
34;318;801;-1
34;322;952;-1
34;323;673;-1
34;323;877;-1
34;362;109;-1
34;366;2;-1
34;371;90;-1
34;374;86;-1
34;387;858;-1
34;394;152;-1
34;455;255;-1
34;457;775;-1
34;497;776;-1
34;532;531;-1
34;537;513;-1
34;561;287;-1
34;571;131;-1
34;573;800;-1
34;612;737;-1
34;617;0;-1
34;629;513;-1
34;634;119;-1
34;634;948;-1
34;684;936;-1
34;700;777;-1
34;707;209;-1
34;715;115;-1
34;733;736;-1
34;737;544;-1
34;739;493;-1
34;769;152;-1
34;800;511;-1
34;818;248;-1
34;822;30;-1
34;842;760;-1
34;850;540;-1
34;859;622;-1
34;870;214;-1
34;902;843;-1
34;910;925;-1
34;912;892;-1
34;913;699;-1
34;929;613;-1
34;951;312;-1
34;952;113;-1
34;956;177;-1
34;960;416;-1
34;960;745;-1
34;968;541;-1
34;968;968;-1
34;971;699;-1
34;985;351;-1
34;991;593;-1
35;29;476;-1
35;30;636;-1
35;70;143;-1
35;89;827;-1
35;130;920;-1
35;161;685;-1
35;203;676;-1
35;207;623;-1
35;208;852;-1
35;249;35;-1
35;252;880;-1
35;256;367;-1
35;259;362;-1
35;267;132;-1
35;267;888;-1
35;280;237;-1
35;305;366;-1
35;320;758;-1
35;330;773;-1
35;335;546;-1
35;335;603;-1
35;354;142;-1
35;358;361;-1
35;362;792;-1
35;389;228;-1
35;403;402;-1
35;403;429;-1
35;406;93;-1
35;410;362;-1
35;419;673;-1
35;428;132;-1
35;431;582;-1
35;453;427;-1
35;464;563;-1
35;464;914;-1
35;487;871;-1
35;512;615;-1
35;522;180;-1
35;530;451;-1
35;565;12;-1
35;571;814;-1
35;617;734;-1
35;642;560;-1
35;660;744;-1
35;685;177;-1
35;686;307;-1
35;706;963;-1
35;729;61;-1
35;740;380;-1
35;745;238;-1
35;754;91;-1
35;756;698;-1
35;758;553;-1
35;775;256;-1
35;775;909;-1
35;779;577;-1
35;817;597;-1
35;817;659;-1
35;853;236;-1
35;854;357;-1
35;867;340;-1
35;891;141;-1
35;894;592;-1
35;896;202;-1
35;902;315;-1
35;912;322;-1
35;915;279;-1
35;922;484;-1
35;923;98;-1
35;931;178;-1
35;942;550;-1
35;950;50;-1
35;978;641;-1
35;979;688;-1
35;986;574;-1
35;990;610;-1
35;993;394;-1
35;994;194;-1
36;18;949;-1
36;126;661;-1
36;158;57;-1
36;198;546;-1
36;205;938;-1
36;221;272;-1
36;222;284;-1
36;228;852;-1
36;237;54;-1
36;245;900;-1
36;255;333;-1
36;266;924;-1
36;285;394;-1
36;286;242;-1
36;289;420;-1
36;325;375;-1
36;326;468;-1
36;342;422;-1
36;350;590;-1
36;363;525;-1
36;372;822;-1
36;405;161;-1
36;442;24;-1
36;444;922;-1
36;457;651;-1
36;484;940;-1
36;495;4;-1
36;513;86;-1
36;523;374;-1
36;533;5;-1
36;534;410;-1
36;544;617;-1
36;547;623;-1
36;567;280;-1
36;580;883;-1
36;596;897;-1
36;597;945;-1
36;601;252;-1
36;610;728;-1
36;630;731;-1
36;634;99;-1
36;639;790;-1
36;644;94;-1
36;662;36;-1
36;666;764;-1
36;668;864;-1
36;674;264;-1
36;681;575;-1
36;713;510;-1
36;720;852;-1
36;751;793;-1
36;757;705;-1
36;834;320;-1
36;836;791;-1
36;859;185;-1
36;860;907;-1
36;868;251;-1
36;875;868;-1
36;878;443;-1
36;880;736;-1
36;881;372;-1
36;895;87;-1
36;923;129;-1
36;939;201;-1
36;939;731;-1
36;982;134;-1
36;990;235;-1
37;90;188;-1
37;119;149;-1
37;133;156;-1
37;145;508;-1
37;165;771;-1
37;168;788;-1
37;191;879;-1
37;207;497;-1
37;226;896;-1
37;230;799;-1
37;234;60;-1
37;257;739;-1
37;286;473;-1
37;340;240;-1
37;384;677;-1
37;394;527;-1
37;399;897;-1
37;431;295;-1
37;431;563;-1
37;434;356;-1
37;438;556;-1
37;444;265;-1
37;448;85;-1
37;465;1;-1
37;471;550;-1
37;479;501;-1
37;482;753;-1
37;485;665;-1
37;493;893;-1
37;495;447;-1
37;501;527;-1
37;513;962;-1
37;531;299;-1
37;544;97;-1
37;561;311;-1
37;568;337;-1
37;578;502;-1
37;598;960;-1
37;601;119;-1
37;606;419;-1
37;608;844;-1
37;624;727;-1
37;625;84;-1
37;625;732;-1
37;631;492;-1
37;642;257;-1
37;686;595;-1
37;686;749;-1
37;691;232;-1
37;696;560;-1
37;703;471;-1
37;705;714;-1
37;715;309;-1
37;716;949;-1
37;732;52;-1
37;737;794;-1
37;749;711;-1
37;755;227;-1
37;769;116;-1
37;775;511;-1
37;793;812;-1
37;808;509;-1
37;811;575;-1
37;828;287;-1
37;829;252;-1
37;845;439;-1
37;845;517;-1
37;847;184;-1
37;850;140;-1
37;857;452;-1
37;868;684;-1
37;880;571;-1
37;889;779;-1
37;892;663;-1
37;898;81;-1
37;898;549;-1
37;925;209;-1
37;948;318;-1
37;959;30;-1
37;960;13;-1
37;992;32;-1
37;997;662;-1
38;13;789;-1
38;109;663;-1
38;124;711;-1
38;152;773;-1
38;183;802;-1
38;193;659;-1
38;194;35;-1
38;206;574;-1
38;209;565;-1
38;230;521;-1
38;289;722;-1
38;293;246;-1
38;300;386;-1
38;308;484;-1
38;311;471;-1
38;322;632;-1
39;334;775;-1
38;336;494;-1
38;339;230;-1
38;344;362;-1
38;350;172;-1
38;354;131;-1
38;372;104;-1
38;381;295;-1
38;383;324;-1
38;404;108;-1
38;408;608;-1
38;454;808;-1
38;458;395;-1
38;479;56;-1
38;500;897;-1
38;514;67;-1
38;527;460;-1
38;537;400;-1
38;543;320;-1
38;556;916;-1
38;584;109;-1
38;610;626;-1
38;617;840;-1
38;640;97;-1
38;645;398;-1
38;661;836;-1
38;679;846;-1
38;692;73;-1
38;692;633;-1
38;712;21;-1
38;724;759;-1
38;726;866;-1
38;730;712;-1
38;732;503;-1
38;738;823;-1
38;741;91;-1
38;760;710;-1
38;761;7;-1
38;771;828;-1
38;776;825;-1
38;777;354;-1
38;785;257;-1
38;786;470;-1
38;824;962;-1
38;830;448;-1
38;832;465;-1
38;855;299;-1
38;873;200;-1
38;878;44;-1
38;944;445;-1
38;949;708;-1
38;952;268;-1
38;954;885;-1
38;973;895;-1
38;982;318;-1
39;181;840;-1
39;184;504;-1
39;205;557;-1
39;217;576;-1
39;234;591;-1
39;240;26;-1
39;244;61;-1
39;254;864;-1
39;257;41;-1
39;268;259;-1
39;293;768;-1
39;299;949;-1
39;300;691;-1
39;314;523;-1
39;332;195;-1
39;349;959;-1
39;357;407;-1
39;359;775;-1
39;365;724;-1
39;374;226;-1
39;402;679;-1
39;413;268;-1
39;414;103;-1
39;416;907;-1
39;418;534;-1
39;423;615;-1
39;423;962;-1
39;501;784;-1
39;516;55;-1
39;531;571;-1
39;554;307;-1
39;554;578;-1
39;589;457;-1
39;619;505;-1
39;633;8;-1
39;661;613;-1
39;684;473;-1
39;696;292;-1
39;709;256;-1
39;714;810;-1
39;715;573;-1
39;729;108;-1
39;737;168;-1
39;786;102;-1
39;791;132;-1
39;793;681;-1
39;794;520;-1
39;804;294;-1
39;837;498;-1
39;870;284;-1
39;872;259;-1
39;906;62;-1
39;907;725;-1
39;924;820;-1
39;930;96;-1
39;932;708;-1
39;936;33;-1
39;976;301;-1
39;988;36;-1
40;6;949;-1
40;12;759;-1
40;19;928;-1
40;44;718;-1
40;46;712;-1
40;230;625;-1
40;230;727;-1
40;249;265;-1
40;265;898;-1
40;297;835;-1
40;314;407;-1
40;319;403;-1
40;330;407;-1
40;341;469;-1
40;362;953;-1
40;369;923;-1
40;376;628;-1
40;380;554;-1
40;395;125;-1
40;395;873;-1
40;406;328;-1
40;455;548;-1
40;469;99;-1
40;476;692;-1
40;484;377;-1
40;491;77;-1
40;498;569;-1
40;515;858;-1
40;537;155;-1
40;569;326;-1
40;577;843;-1
40;581;875;-1
40;592;932;-1
40;593;434;-1
40;600;864;-1
40;616;734;-1
40;621;97;-1
40;622;753;-1
40;623;653;-1
40;631;20;-1
40;641;9;-1
40;645;504;-1
40;653;626;-1
40;660;419;-1
40;662;876;-1
40;683;804;-1
40;685;389;-1
40;686;418;-1
40;698;186;-1
40;699;435;-1
40;722;125;-1
40;732;637;-1
40;742;298;-1
40;786;71;-1
40;791;15;-1
40;794;220;-1
40;803;771;-1
40;811;799;-1
40;831;241;-1
40;850;222;-1
40;852;646;-1
40;867;827;-1
40;872;87;-1
40;881;759;-1
40;919;428;-1
40;926;30;-1
40;938;859;-1
40;941;925;-1
40;968;823;-1
40;973;597;-1
40;977;475;-1
40;985;334;-1
41;56;702;-1
41;65;735;-1
41;82;874;-1
41;109;849;-1
41;119;123;-1
41;170;77;-1
41;194;904;-1
41;223;900;-1
41;231;614;-1
41;256;497;-1
41;277;702;-1
41;338;495;-1
41;343;517;-1
41;362;235;-1
41;419;834;-1
41;422;105;-1
41;425;565;-1
41;426;86;-1
41;428;823;-1
41;430;503;-1
41;457;907;-1
41;465;167;-1
41;466;891;-1
41;468;882;-1
41;470;914;-1
41;474;385;-1
41;494;572;-1
41;519;153;-1
41;521;59;-1
41;532;138;-1
41;555;847;-1
41;591;796;-1
41;612;857;-1
41;624;401;-1
41;642;671;-1
41;643;177;-1
41;657;842;-1
41;658;881;-1
41;664;434;-1
41;668;449;-1
41;683;809;-1
41;698;656;-1
41;705;219;-1
41;714;353;-1
41;714;676;-1
41;727;546;-1
41;790;786;-1
41;790;864;-1
41;813;696;-1
41;828;823;-1
41;835;138;-1
41;852;442;-1
41;854;221;-1
41;861;403;-1
41;864;626;-1
41;865;806;-1
41;888;299;-1
41;890;952;-1
41;903;32;-1
41;903;463;-1
41;927;342;-1
41;929;765;-1
41;938;880;-1
41;956;930;-1
41;959;224;-1
41;968;934;-1
41;977;362;-1
41;981;569;-1
41;991;434;-1
41;992;319;-1
41;995;325;-1
42;40;837;-1
42;84;812;-1
42;87;189;-1
42;113;923;-1
42;118;797;-1
42;160;700;-1
42;191;886;-1
42;228;648;-1
42;291;345;-1
42;295;702;-1
42;318;459;-1
42;321;878;-1
42;327;527;-1
42;353;543;-1
42;380;392;-1
42;394;165;-1
42;400;433;-1
42;418;470;-1
42;426;81;-1
42;430;246;-1
42;446;612;-1
42;447;441;-1
42;460;445;-1
42;486;713;-1
42;508;177;-1
42;518;886;-1
42;527;672;-1
42;548;98;-1
42;558;249;-1
42;562;293;-1
42;594;136;-1
42;603;18;-1
42;618;851;-1
42;652;154;-1
42;684;490;-1
42;696;567;-1
42;698;968;-1
42;704;590;-1
42;707;29;-1
42;721;968;-1
42;723;60;-1
42;729;494;-1
42;742;487;-1
42;750;735;-1
42;770;12;-1
42;782;189;-1
42;786;521;-1
42;793;101;-1
42;815;653;-1
42;823;543;-1
42;825;379;-1
42;828;797;-1
42;831;306;-1
42;841;901;-1
42;852;106;-1
42;884;649;-1
42;894;9;-1
42;918;39;-1
42;930;839;-1
42;939;655;-1
42;969;301;-1
42;991;354;-1
43;116;720;-1
43;196;609;-1
43;264;697;-1
43;273;754;-1
43;290;688;-1
43;306;649;-1
43;314;715;-1
43;350;528;-1
43;385;128;-1
43;388;730;-1
43;447;131;-1
43;447;753;-1
43;452;703;-1
43;478;923;-1
43;495;456;-1
43;503;518;-1
43;529;446;-1
43;536;468;-1
43;544;521;-1
43;546;946;-1
43;549;475;-1
43;551;78;-1
43;569;761;-1
43;570;751;-1
43;593;259;-1
43;603;882;-1
43;652;193;-1
43;664;198;-1
43;673;244;-1
43;677;753;-1
43;686;590;-1
43;731;197;-1
43;735;264;-1
43;738;8;-1
43;748;636;-1
43;774;696;-1
43;775;105;-1
43;800;837;-1
43;813;105;-1
43;814;224;-1
43;845;508;-1
43;854;912;-1
43;859;600;-1
43;863;422;-1
43;873;506;-1
43;903;699;-1
43;911;708;-1
43;913;229;-1
43;916;243;-1
43;924;821;-1
43;927;881;-1
43;936;39;-1
43;937;463;-1
43;938;749;-1
43;945;118;-1
43;955;790;-1
43;969;19;-1
43;976;690;-1
44;85;739;-1
44;113;908;-1
44;248;704;-1
44;259;588;-1
44;275;301;-1
44;288;903;-1
44;348;202;-1
44;359;797;-1
44;366;333;-1
44;394;934;-1
44;418;405;-1
44;441;303;-1
44;448;678;-1
44;487;211;-1
44;492;163;-1
44;494;60;-1
44;496;871;-1
44;572;592;-1
44;584;906;-1
44;601;857;-1
44;604;41;-1
44;615;754;-1
44;654;82;-1
44;709;406;-1
44;713;597;-1
44;726;376;-1
44;733;537;-1
44;736;830;-1
44;741;916;-1
44;753;28;-1
44;759;796;-1
44;763;141;-1
44;767;660;-1
44;768;82;-1
44;773;876;-1
44;789;661;-1
44;826;235;-1
44;855;826;-1
44;869;501;-1
44;869;534;-1
44;912;916;-1
44;936;595;-1
44;993;758;-1
45;106;117;-1
45;131;124;-1
45;202;11;-1
45;264;636;-1
45;281;361;-1
45;281;840;-1
45;300;456;-1
45;317;646;-1
45;329;291;-1
45;334;789;-1
45;351;945;-1
45;362;371;-1
45;377;932;-1
45;381;204;-1
45;429;544;-1
45;449;582;-1
45;465;362;-1
45;470;636;-1
45;482;891;-1
45;492;179;-1
45;499;262;-1
45;538;542;-1
45;550;46;-1
45;565;786;-1
45;581;958;-1
45;586;320;-1
45;591;263;-1
45;594;265;-1
45;598;746;-1
45;606;156;-1
45;620;263;-1
45;639;229;-1
45;672;590;-1
45;685;848;-1
45;688;115;-1
45;697;340;-1
45;713;825;-1
45;714;638;-1
45;775;353;-1
45;783;961;-1
45;787;571;-1
45;795;106;-1
45;797;311;-1
45;801;932;-1
45;817;681;-1
45;830;56;-1
45;844;556;-1
45;846;611;-1
45;852;531;-1
45;887;317;-1
45;888;816;-1
45;911;221;-1
45;920;545;-1
45;923;944;-1
45;925;842;-1
45;945;714;-1
45;946;322;-1
45;967;524;-1
45;994;227;-1
46;91;813;-1
46;106;775;-1
46;111;32;-1
46;151;80;-1
46;163;563;-1
46;268;355;-1
46;272;733;-1
46;316;443;-1
46;345;533;-1
46;353;200;-1
46;353;222;-1
46;403;319;-1
46;408;603;-1
46;422;231;-1
46;473;310;-1
46;510;32;-1
46;514;666;-1
46;521;118;-1
46;539;77;-1
46;542;898;-1
46;549;112;-1
46;552;896;-1
46;579;695;-1
46;605;398;-1
46;606;347;-1
46;612;643;-1
46;619;750;-1
46;635;24;-1
46;650;937;-1
46;653;530;-1
46;673;492;-1
46;685;167;-1
46;686;121;-1
46;686;311;-1
46;696;664;-1
46;701;117;-1
46;704;31;-1
46;730;62;-1
46;739;176;-1
46;756;612;-1
46;763;210;-1
46;767;220;-1
46;781;376;-1
46;805;838;-1
46;813;702;-1
46;818;503;-1
46;820;511;-1
46;827;608;-1
46;927;773;-1
46;935;838;-1
46;942;665;-1
46;956;729;-1
46;987;3;-1
46;993;827;-1
47;113;819;-1
47;144;881;-1
47;210;42;-1
47;224;55;-1
47;302;778;-1
47;320;702;-1
47;338;374;-1
47;351;482;-1
47;364;353;-1
47;365;725;-1
47;375;393;-1
47;378;311;-1
47;384;136;-1
47;388;666;-1
47;400;126;-1
47;409;427;-1
47;473;286;-1
47;480;121;-1
47;482;588;-1
47;497;967;-1
47;499;864;-1
47;534;722;-1
47;552;771;-1
47;553;746;-1
47;554;858;-1
47;573;686;-1
47;607;566;-1
47;623;670;-1
47;625;265;-1
47;636;70;-1
47;642;149;-1
47;673;512;-1
47;682;511;-1
47;706;131;-1
47;724;128;-1
47;728;342;-1
47;741;857;-1
47;748;74;-1
47;797;854;-1
47;827;421;-1
47;841;528;-1
47;866;752;-1
47;874;910;-1
47;927;169;-1
47;929;612;-1
47;942;968;-1
47;983;324;-1
48;215;663;-1
48;357;173;-1
48;420;497;-1
48;433;390;-1
49;440;414;-1
48;449;575;-1
48;476;378;-1
48;491;323;-1
48;498;203;-1
48;507;588;-1
48;530;35;-1
48;548;530;-1
48;553;222;-1
48;556;326;-1
48;581;951;-1
48;591;241;-1
48;591;871;-1
48;631;220;-1
48;633;2;-1
48;638;914;-1
48;644;325;-1
48;649;40;-1
48;665;812;-1
48;669;823;-1
48;683;711;-1
48;694;684;-1
48;712;475;-1
48;722;18;-1
48;727;687;-1
48;752;707;-1
48;771;670;-1
48;774;197;-1
48;775;238;-1
48;782;77;-1
48;786;312;-1
48;790;567;-1
48;801;502;-1
48;820;28;-1
48;830;174;-1
48;830;684;-1
48;833;647;-1
48;859;177;-1
48;869;103;-1
48;870;477;-1
48;893;594;-1
48;893;633;-1
48;907;595;-1
48;909;183;-1
48;914;320;-1
48;978;413;-1
48;991;369;-1
49;31;864;-1
49;42;200;-1
49;181;64;-1
49;389;222;-1
49;405;388;-1
49;437;160;-1
49;443;387;-1
49;447;167;-1
49;482;382;-1
49;494;411;-1
49;496;391;-1
49;551;343;-1
49;566;488;-1
49;598;521;-1
49;605;714;-1
49;614;705;-1
49;664;368;-1
49;666;626;-1
49;672;337;-1
49;678;554;-1
49;680;831;-1
49;709;248;-1
49;761;638;-1
49;765;122;-1
49;770;178;-1
49;783;648;-1
49;785;768;-1
49;823;683;-1
49;841;680;-1
49;857;508;-1
49;875;151;-1
49;877;532;-1
49;879;470;-1
49;910;603;-1
49;918;328;-1
49;995;252;-1
49;997;859;-1
50;58;195;-1
50;207;616;-1
50;278;750;-1
50;287;753;-1
50;340;710;-1
50;410;402;-1
50;414;209;-1
50;418;126;-1
50;467;405;-1
50;488;231;-1
50;490;528;-1
50;533;648;-1
50;544;661;-1
50;586;494;-1
50;617;254;-1
50;619;751;-1
51;631;226;-1
50;648;164;-1
50;672;640;-1
50;680;955;-1
50;748;714;-1
50;762;675;-1
50;780;221;-1
50;780;237;-1
50;796;728;-1
50;797;288;-1
50;815;614;-1
50;831;619;-1
50;845;866;-1
50;851;360;-1
50;869;335;-1
50;911;807;-1
50;948;504;-1
50;986;440;-1
51;3;882;-1
51;34;207;-1
51;127;882;-1
51;307;350;-1
51;432;425;-1
51;437;542;-1
51;445;197;-1
51;463;529;-1
51;484;442;-1
51;501;327;-1
51;561;496;-1
51;575;98;-1
51;591;268;-1
51;642;927;-1
51;643;475;-1
51;682;574;-1
51;711;184;-1
51;744;848;-1
51;751;443;-1
51;756;707;-1
51;780;291;-1
51;802;408;-1
51;809;892;-1
51;826;382;-1
51;836;372;-1
51;837;393;-1
51;865;804;-1
51;867;691;-1
51;892;389;-1
51;905;56;-1
51;933;607;-1
52;13;706;-1
52;18;808;-1
52;110;819;-1
52;127;900;-1
52;301;875;-1
52;348;499;-1
52;463;383;-1
52;477;319;-1
52;493;211;-1
52;550;496;-1
52;603;201;-1
52;621;921;-1
52;662;444;-1
52;678;473;-1
52;686;370;-1
52;721;881;-1
52;734;746;-1
52;735;566;-1
52;751;765;-1
52;760;311;-1
52;764;809;-1
52;779;678;-1
52;787;177;-1
52;803;164;-1
52;804;464;-1
52;879;73;-1
52;902;918;-1
52;946;615;-1
52;961;949;-1
53;10;801;-1
53;156;27;-1
53;365;808;-1
53;432;361;-1
53;441;184;-1
53;455;236;-1
53;455;545;-1
53;464;437;-1
53;467;443;-1
53;503;192;-1
53;506;403;-1
53;516;644;-1
53;521;309;-1
53;539;315;-1
53;614;79;-1
53;639;966;-1
53;645;177;-1
53;650;294;-1
53;655;800;-1
53;658;150;-1
53;670;959;-1
53;672;479;-1
53;673;370;-1
53;675;220;-1
53;679;479;-1
53;693;230;-1
53;728;904;-1
53;737;235;-1
53;748;39;-1
53;749;294;-1
53;758;29;-1
53;758;217;-1
53;763;731;-1
53;780;192;-1
53;787;34;-1
53;795;472;-1
53;798;624;-1
53;812;92;-1
53;819;718;-1
53;821;332;-1
53;855;553;-1
53;865;723;-1
53;884;123;-1
53;892;42;-1
53;926;600;-1
53;988;869;-1
54;72;826;-1
54;166;0;-1
54;287;746;-1
54;394;397;-1
54;458;432;-1
54;525;306;-1
54;584;149;-1
54;649;843;-1
54;695;463;-1
54;695;941;-1
54;700;701;-1
54;712;396;-1
54;727;691;-1
54;734;195;-1
54;777;145;-1
54;798;8;-1
54;825;81;-1
54;889;686;-1
54;907;593;-1
54;936;842;-1
54;955;378;-1
55;86;837;-1
55;145;34;-1
55;307;748;-1
55;399;371;-1
55;465;279;-1
55;467;197;-1
55;504;493;-1
55;508;399;-1
55;514;182;-1
55;521;412;-1
55;523;341;-1
55;530;473;-1
55;573;38;-1
55;612;36;-1
55;616;376;-1
55;660;928;-1
55;665;248;-1
55;671;530;-1
55;679;876;-1
55;687;293;-1
55;704;220;-1
55;707;872;-1
55;722;794;-1
55;735;698;-1
55;748;201;-1
55;757;716;-1
55;769;693;-1
55;771;708;-1
55;780;93;-1
55;780;665;-1
55;822;813;-1
55;823;884;-1
55;828;820;-1
55;833;404;-1
55;865;701;-1
55;903;927;-1
55;926;574;-1
55;984;371;-1
56;423;183;-1
56;496;536;-1
56;545;251;-1
56;588;375;-1
56;603;226;-1
56;624;408;-1
56;627;523;-1
56;631;950;-1
56;685;850;-1
56;758;310;-1
56;787;568;-1
56;856;31;-1
56;942;652;-1
56;946;746;-1
56;982;866;-1
56;988;555;-1
57;489;203;-1
57;498;403;-1
57;561;176;-1
57;571;59;-1
57;610;218;-1
57;620;280;-1
57;626;564;-1
57;687;374;-1
57;758;701;-1
57;777;439;-1
57;782;938;-1
57;790;815;-1
57;811;713;-1
57;843;814;-1
57;923;349;-1
57;923;516;-1
57;937;961;-1
57;961;573;-1
58;13;714;-1
58;57;199;-1
58;400;189;-1
58;443;460;-1
58;545;366;-1
58;677;325;-1
58;686;415;-1
58;692;698;-1
58;694;803;-1
58;707;265;-1
58;774;434;-1
58;775;344;-1
58;780;296;-1
58;868;87;-1
58;912;729;-1
58;921;542;-1
58;962;538;-1
59;63;206;-1
59;310;759;-1
59;335;800;-1
59;512;208;-1
59;539;374;-1
59;590;542;-1
59;610;30;-1
59;625;31;-1
59;641;337;-1
59;651;404;-1
59;677;847;-1
59;681;205;-1
59;684;404;-1
59;737;284;-1
59;764;390;-1
59;838;307;-1
59;909;538;-1
59;977;846;-1
60;4;726;-1
60;576;68;-1
60;648;710;-1
60;705;389;-1
60;720;437;-1
60;808;952;-1
60;814;398;-1
60;832;897;-1
60;840;694;-1
60;879;727;-1
60;943;797;-1
60;988;583;-1
61;571;816;-1
61;580;64;-1
61;690;293;-1
61;692;383;-1
61;696;818;-1
61;699;282;-1
61;713;856;-1
61;732;338;-1
61;738;440;-1
61;819;862;-1
61;836;323;-1
61;898;957;-1
61;955;720;-1
61;981;567;-1
62;557;841;-1
62;603;825;-1
62;648;439;-1
62;680;967;-1
62;703;396;-1
62;709;384;-1
62;717;851;-1
62;729;300;-1
62;801;925;-1
62;808;29;-1
62;810;408;-1
62;874;703;-1
62;907;913;-1
62;966;738;-1
62;993;433;-1
63;509;240;-1
63;603;450;-1
63;698;383;-1
63;726;435;-1
63;852;52;-1
63;855;693;-1
63;889;899;-1
63;941;727;-1
63;949;657;-1
64;307;770;-1
64;466;321;-1
64;505;402;-1
64;507;392;-1
64;567;432;-1
64;588;447;-1
64;694;388;-1
64;720;382;-1
64;735;794;-1
64;802;873;-1
64;836;824;-1
64;936;828;-1
66;650;286;-1
66;726;401;-1
66;936;846;-1
67;548;403;-1
67;551;417;-1
67;570;434;-1
67;587;432;-1
67;629;463;-1
67;712;373;-1
67;716;337;-1
67;727;848;-1
67;733;402;-1
67;735;383;-1
67;741;297;-1
67;797;885;-1
67;816;818;-1
67;840;826;-1
67;850;802;-1
67;855;804;-1
67;910;907;-1
67;919;824;-1
67;945;833;-1
18;284;371;0
18;284;371;0
18;284;371;0
18;284;371;0
18;284;371;0
22;331;762;1
22;331;762;1
22;331;762;1
22;331;762;1
22;331;762;1
22;331;762;1
22;331;762;1
22;331;762;1
22;331;762;1
22;331;762;1
22;331;762;1
22;331;762;1
21;331;762;1
27;164;80;2
26;164;80;2
27;164;80;2
26;163;79;2
26;900;228;3
27;900;228;3
26;900;228;3
27;964;36;4
27;964;36;4
27;964;36;4
27;964;36;4
27;966;163;5
26;966;162;5
26;966;163;5
32;968;162;-1
26;985;50;6
26;985;49;6
26;985;50;6
28;985;50;-1
25;994;31;-1
26;994;30;-1
27;246;229;7
27;245;229;7
28;246;229;7
28;313;302;-1
26;312;302;-1
29;358;105;8
29;358;105;8
29;358;105;8
26;359;105;-1
28;392;70;9
27;392;70;9
28;392;71;9
28;460;153;-1
26;460;153;-1
28;507;62;-1
27;508;62;-1
26;540;233;-1
29;540;233;-1
26;564;75;-1
29;565;76;-1
26;605;67;-1
27;606;68;-1
28;804;31;10
28;804;31;10
29;803;32;10
28;804;31;10
28;803;31;10
25;823;135;-1
26;822;136;-1
27;877;187;-1
27;876;188;-1
29;877;188;-1
26;892;30;-1
26;892;30;-1
26;896;71;-1
27;896;70;-1
27;917;281;-1
27;918;281;-1
25;941;38;-1
27;954;141;-1
28;954;140;-1
27;979;311;11
27;979;310;11
27;978;310;11
29;221;206;-1
31;225;208;-1
28;221;205;-1
31;224;208;-1
26;223;205;-1
28;223;215;-1
29;224;215;-1
29;229;16;-1
28;229;17;-1
26;228;16;-1
28;237;216;-1
29;237;217;-1
30;257;7;12
30;257;7;12
29;257;6;12
29;281;43;-1
29;281;43;-1
27;280;42;-1
27;302;331;-1
28;302;331;-1
29;345;402;13
31;346;402;14
29;345;402;13
31;346;402;14
29;345;401;13
32;346;402;14
34;348;403;-1
29;349;86;15
29;349;86;15
29;349;86;15
26;352;103;-1
31;432;685;-1
28;431;685;-1
31;432;685;-1
28;431;685;-1
27;466;230;-1
26;468;93;-1
28;516;192;-1
28;517;192;-1
28;525;358;16
28;525;358;16
28;525;359;16
26;565;50;-1
26;581;201;-1
26;626;112;-1
28;646;363;-1
28;645;363;-1
27;662;206;-1
28;674;319;-1
28;674;319;-1
29;694;116;17
29;694;116;17
29;694;117;17
29;694;116;17
29;749;278;18
30;750;278;18
28;749;278;18
28;752;182;19
28;753;182;19
28;752;183;19
27;802;60;-1
27;803;60;-1
27;891;87;-1
28;893;90;-1
28;948;347;-1
28;983;123;-1
28;982;123;-1
28;991;82;-1
28;990;82;-1
26;992;56;-1
26;993;57;-1
26;73;164;-1
30;86;89;-1
31;87;89;-1
28;86;88;-1
29;132;127;-1
27;176;212;-1
26;218;119;-1
26;220;104;-1
29;228;515;-1
29;228;515;-1
28;240;257;-1
28;247;239;-1
30;248;240;-1
28;262;271;-1
27;275;291;-1
28;301;208;-1
28;302;239;-1
28;302;239;-1
31;302;240;-1
28;321;121;-1
29;336;158;-1
29;336;158;-1
29;359;221;-1
29;358;222;-1
31;359;222;-1
31;371;79;20
30;371;79;20
29;371;78;20
31;371;79;20
28;395;412;-1
28;396;411;-1
28;400;240;-1
31;401;241;-1
28;400;240;-1
28;414;406;-1
29;415;406;-1
29;450;12;-1
29;450;12;-1
28;469;25;-1
28;469;26;-1
29;496;160;-1
29;495;161;-1
26;504;175;-1
27;521;196;-1
26;526;183;-1
28;536;476;-1
28;535;476;-1
31;536;476;-1
30;541;62;21
29;541;62;21
30;541;62;21
30;548;86;-1
26;575;96;-1
26;576;18;-1
26;604;155;-1
29;634;165;-1
29;635;166;-1
28;671;66;-1
28;670;66;-1
29;713;109;-1
29;713;110;-1
30;713;248;22
30;714;247;22
30;713;248;22
28;733;433;-1
28;734;433;-1
28;736;593;-1
29;747;432;23
28;747;432;23
29;747;431;23
28;748;149;-1
29;781;80;24
29;781;80;24
29;780;79;24
26;789;101;-1
28;808;126;-1
28;860;254;-1
29;880;522;-1
26;904;108;-1
28;923;255;-1
28;922;255;-1
28;926;16;-1
29;925;16;-1
29;926;139;-1
29;926;139;-1
28;935;272;-1
29;934;272;-1
28;991;135;-1
28;990;135;-1
31;6;476;-1
28;5;476;-1
31;7;223;25
31;7;223;25
31;7;223;25
31;24;691;-1
31;24;691;-1
34;25;691;-1
31;42;708;-1
28;42;709;-1
28;59;149;-1
30;96;306;-1
29;95;305;-1
34;96;306;-1
29;151;535;-1
30;211;339;-1
30;211;338;-1
31;232;73;-1
28;231;72;-1
29;236;260;-1
29;236;261;-1
32;237;260;-1
28;240;10;-1
28;240;10;-1
32;241;11;-1
29;240;338;26
30;240;339;26
31;241;339;26
27;244;61;-1
29;249;514;-1
31;250;514;-1
28;258;333;-1
28;286;251;-1
30;294;390;-1
28;294;389;-1
28;304;98;-1
30;313;520;-1
31;320;229;27
31;320;229;27
29;320;228;-1
31;320;229;27
28;333;242;-1
30;334;477;28
31;335;478;28
29;334;478;28
28;341;144;-1
28;351;122;-1
31;364;327;-1
29;365;327;-1
29;400;45;29
29;400;45;29
30;401;46;29
29;405;571;-1
31;406;571;-1
30;450;716;-1
30;450;716;-1
28;460;56;-1
28;520;476;-1
29;526;403;-1
29;525;403;-1
29;527;410;-1
29;558;293;-1
28;567;331;-1
30;594;502;30
30;594;502;30
29;593;503;30
30;594;502;30
31;620;200;31
31;620;200;31
31;620;200;31
30;620;200;31
28;622;509;-1
28;641;294;-1
27;657;214;-1
28;660;106;-1
29;665;388;-1
30;668;59;32
29;668;58;32
31;669;59;32
28;676;21;-1
28;693;87;-1
29;693;438;-1
28;693;437;-1
31;719;905;-1
30;720;905;-1
30;749;720;-1
30;749;720;-1
30;761;196;33
30;761;196;33
29;761;196;33
29;805;355;-1
29;804;354;-1
29;814;558;-1
30;843;631;-1
30;842;631;-1
29;873;461;-1
29;872;461;-1
31;879;283;34
31;880;283;34
30;879;283;34
32;880;284;34
30;884;237;-1
29;889;328;-1
31;894;915;35
31;894;915;35
30;894;915;35
38;909;231;-1
30;911;232;-1
37;909;232;-1
29;911;232;-1
28;932;511;-1
30;939;787;36
30;939;787;36
30;939;787;36
28;943;123;-1
30;961;549;-1
34;963;550;-1
29;961;549;-1
36;964;551;-1
30;971;521;-1
30;972;521;-1
29;991;416;-1
30;990;417;-1
28;22;222;-1
31;32;734;-1
31;32;734;-1
31;69;180;-1
31;69;179;-1
34;70;180;-1
31;72;330;-1
30;75;566;-1
30;75;567;-1
31;91;124;-1
34;93;519;-1
31;93;514;-1
35;93;518;-1
31;93;518;-1
29;93;515;-1
31;111;298;-1
30;110;297;-1
29;145;114;-1
31;156;125;-1
31;155;124;-1
34;156;125;-1
32;158;785;37
33;158;785;37
31;157;785;37
31;160;122;-1
30;161;766;-1
34;163;764;-1
31;163;658;-1
30;163;659;-1
32;163;548;38
33;164;548;38
32;163;548;38
31;174;856;-1
28;173;855;-1
30;199;808;-1
28;212;304;-1
29;217;197;-1
29;245;169;-1
29;265;432;-1
28;270;488;-1
28;273;9;-1
30;274;673;-1
31;275;672;-1
30;280;201;-1
32;280;202;-1
32;290;714;-1
32;290;714;-1
31;292;554;-1
31;292;554;-1
31;294;925;-1
32;293;925;-1
29;322;489;-1
28;366;282;-1
30;367;14;-1
35;367;12;-1
31;368;15;-1
31;375;955;-1
31;375;955;-1
32;387;925;39
32;387;924;39
31;386;924;39
31;401;490;-1
32;426;868;-1
30;425;868;-1
29;428;452;-1
31;440;71;40
31;440;70;40
35;441;72;-1
31;440;71;40
28;451;213;-1
30;459;256;-1
29;483;631;-1
30;506;364;-1
31;506;363;-1
28;539;524;-1
31;583;792;-1
31;583;791;-1
29;584;394;-1
31;594;15;-1
32;595;16;-1
29;595;101;-1
29;604;208;-1
32;606;280;41
32;606;281;41
29;606;280;-1
32;606;281;41
33;612;856;-1
33;612;856;-1
31;613;856;-1
29;629;0;-1
30;642;655;-1
30;642;243;-1
29;679;443;-1
29;685;120;-1
30;688;512;-1
29;689;33;-1
30;702;241;-1
30;702;534;-1
29;710;67;-1
31;735;226;-1
29;736;225;-1
31;741;506;-1
31;740;506;-1
30;748;640;-1
30;750;629;-1
29;757;80;-1
31;762;243;-1
29;761;244;-1
30;806;36;-1
29;807;525;-1
30;808;525;-1
30;819;600;-1
29;830;325;-1
31;832;550;-1
30;832;551;-1
29;839;324;-1
31;844;913;-1
31;844;913;-1
30;861;503;-1
30;865;660;-1
31;870;445;42
31;871;445;42
31;870;445;42
31;875;283;-1
31;876;468;-1
30;876;468;-1
30;878;406;-1
30;886;223;-1
31;885;224;-1
31;895;509;-1
30;894;509;-1
30;896;636;-1
30;905;591;-1
30;905;592;-1
28;905;266;-1
31;911;675;-1
31;911;675;-1
30;930;805;-1
30;940;170;-1
29;940;171;-1
30;948;829;-1
30;947;829;-1
30;960;640;-1
31;962;920;-1
30;962;919;-1
29;965;721;-1
30;969;49;-1
31;968;50;-1
31;970;614;43
31;969;614;43
32;970;615;43
31;969;761;-1
31;969;761;-1
29;975;6;-1
29;976;5;-1
29;978;456;-1
29;978;37;-1
31;978;38;-1
29;978;119;-1
29;989;9;-1
30;25;390;-1
32;41;498;44
33;41;498;44
31;40;498;44
30;47;348;-1
32;105;819;-1
33;105;818;-1
30;138;510;-1
33;147;500;-1
33;148;500;-1
33;189;517;-1
30;188;517;-1
31;206;306;-1
30;218;145;-1
32;225;63;-1
32;243;355;-1
32;243;356;-1
32;244;491;-1
31;245;491;-1
29;266;44;-1
31;271;565;-1
30;344;262;-1
29;351;71;-1
31;355;529;-1
34;355;530;-1
31;363;397;-1
31;363;397;-1
31;368;56;-1
34;368;57;-1
31;376;129;-1
31;376;129;-1
31;382;19;-1
31;383;19;-1
31;382;602;-1
29;388;15;-1
33;397;122;-1
31;398;121;-1
31;398;584;-1
30;418;275;-1
32;435;384;-1
32;435;384;-1
30;445;663;-1
29;497;29;-1
30;534;550;-1
31;539;73;-1
29;575;315;-1
31;579;827;-1
31;580;827;-1
31;585;887;-1
29;586;888;-1
29;591;799;-1
30;597;929;-1
29;608;208;-1
29;609;190;-1
32;623;324;-1
31;623;325;-1
30;631;195;-1
30;641;148;-1
31;660;13;-1
31;688;593;-1
30;688;593;-1
29;692;70;-1
32;695;54;45
32;695;54;45
33;694;54;45
31;695;415;-1
31;696;416;-1
33;701;395;46
33;701;394;46
33;701;395;46
33;700;394;46
31;716;586;-1
31;717;587;-1
33;730;248;47
33;730;248;47
33;729;248;47
32;730;249;47
33;728;247;47
31;726;251;-1
33;730;249;47
32;729;540;-1
31;728;541;-1
32;732;418;-1
31;732;418;-1
30;736;869;-1
31;740;111;-1
30;741;110;-1
30;745;854;-1
33;748;109;-1
30;747;109;-1
32;775;745;-1
32;775;746;-1
31;783;484;-1
31;783;484;-1
31;788;722;-1
31;791;150;-1
32;799;677;-1
32;799;677;-1
33;825;488;48
32;825;488;48
33;825;488;48
31;825;603;-1
31;834;442;-1
31;843;582;-1
32;843;583;-1
29;847;177;-1
30;854;693;-1
31;872;748;-1
33;871;748;-1
31;886;202;-1
30;887;200;-1
31;896;768;-1
30;911;258;-1
30;916;328;-1
29;938;22;-1
29;938;662;-1
30;939;908;-1
33;958;137;49
33;958;137;49
33;958;137;49
33;958;137;49
33;958;137;49
33;958;136;49
29;985;406;-1
32;987;326;50
31;986;326;50
32;987;325;50
29;989;164;-1
34;3;924;-1
31;3;925;-1
33;22;772;-1
31;31;535;-1
32;32;746;-1
31;59;308;-1
31;125;548;-1
33;130;647;-1
31;142;907;-1
33;168;939;-1
32;168;938;-1
31;186;152;-1
31;192;146;-1
31;196;751;-1
33;219;787;-1
33;228;912;-1
33;228;912;-1
32;235;368;-1
31;234;387;-1
34;236;533;-1
34;236;533;-1
32;236;532;-1
32;254;227;-1
34;258;310;51
33;258;310;51
34;258;311;51
34;264;224;-1
31;263;224;-1
31;272;211;-1
31;295;454;-1
34;318;205;-1
31;318;205;-1
34;360;833;-1
34;357;832;-1
32;368;578;-1
33;369;644;-1
31;369;643;-1
32;388;347;-1
34;390;561;-1
34;390;562;-1
33;428;264;-1
31;428;263;-1
33;438;698;-1
33;438;698;-1
32;441;374;-1
32;441;374;-1
31;448;123;-1
31;453;464;-1
32;455;653;-1
32;464;57;-1
32;464;56;-1
32;468;915;-1
31;476;446;-1
31;486;795;-1
33;495;194;-1
32;494;193;-1
33;501;367;-1
33;502;367;-1
32;517;75;-1
31;519;784;-1
32;543;402;-1
30;545;593;-1
33;559;91;-1
37;558;89;-1
32;566;275;-1
32;567;275;-1
31;588;307;-1
31;588;306;-1
31;596;646;-1
34;629;423;52
34;629;423;52
34;629;423;52
34;630;423;52
34;629;422;52
34;636;412;53
34;636;412;53
34;636;412;53
34;636;412;53
35;636;413;53
31;644;139;-1
34;650;635;-1
32;649;636;-1
34;649;151;-1
33;650;151;-1
30;652;82;-1
32;655;42;-1
32;662;796;-1
33;663;935;-1
33;663;934;-1
35;663;935;-1
31;667;356;-1
32;694;738;-1
32;696;595;-1
32;697;594;-1
30;697;448;-1
33;705;555;-1
33;732;497;-1
32;731;496;-1
35;732;498;-1
31;740;747;-1
31;741;610;-1
31;746;461;-1
32;746;927;-1
32;746;927;-1
32;749;910;-1
31;760;252;-1
33;762;109;-1
32;762;108;-1
33;764;282;-1
33;764;282;-1
30;767;393;-1
33;770;91;54
34;770;91;54
32;771;91;54
33;779;506;-1
33;780;506;-1
31;795;179;-1
31;801;439;-1
33;801;684;-1
32;801;684;-1
33;815;380;55
34;814;380;55
33;815;380;55
30;824;656;-1
32;857;554;-1
33;867;708;-1
33;867;708;-1
32;884;488;-1
32;885;488;-1
30;887;72;-1
33;889;938;-1
30;890;407;-1
31;906;453;-1
32;905;454;-1
33;921;774;-1
33;920;773;-1
31;940;44;-1
32;944;762;-1
32;944;761;-1
33;964;869;-1
35;967;872;-1
33;965;869;-1
33;981;19;-1
33;981;18;-1
33;987;849;56
33;987;849;56
33;987;850;56
34;987;849;56
31;991;308;-1
32;1;668;-1
33;12;920;-1
35;41;738;-1
33;41;738;-1
36;42;738;-1
34;72;918;-1
34;72;918;-1
31;98;97;-1
35;96;117;57
34;97;117;57
36;95;118;57
31;115;57;-1
34;133;119;-1
34;164;172;-1
34;165;173;-1
35;182;726;-1
34;181;727;-1
39;183;725;-1
32;210;83;-1
32;217;282;-1
34;230;259;-1
35;231;258;-1
34;254;375;-1
34;254;375;-1
34;260;134;-1
32;260;133;-1
34;281;113;-1
33;278;109;-1
34;281;112;-1
35;279;109;-1
36;297;525;-1
35;297;525;-1
31;298;525;-1
34;305;74;-1
34;305;74;-1
31;306;86;-1
34;308;117;-1
35;308;117;-1
32;309;116;-1
32;314;545;-1
34;327;217;-1
34;327;217;-1
34;342;235;-1
31;341;234;-1
34;368;948;-1
34;368;948;-1
33;375;378;-1
31;381;42;-1
31;410;336;-1
34;413;927;-1
34;413;927;-1
34;422;309;-1
34;424;308;-1
31;425;730;-1
33;427;888;-1
34;428;886;-1
32;436;119;-1
31;448;77;-1
34;526;296;58
34;526;296;58
34;526;296;58
34;526;296;58
39;525;293;-1
33;536;583;-1
31;538;467;-1
32;544;537;-1
38;547;792;59
35;547;794;-1
38;547;792;59
34;547;794;-1
39;548;792;59
34;554;505;-1
34;554;505;-1
32;553;504;-1
32;561;132;-1
35;575;602;-1
35;575;602;-1
38;573;603;-1
34;591;848;-1
35;591;849;-1
33;603;367;-1
33;621;164;-1
34;638;402;-1
31;654;22;-1
33;660;853;-1
34;671;740;-1
34;671;740;-1
33;676;806;-1
33;679;422;-1
33;680;422;-1
33;712;556;-1
33;713;556;-1
33;714;525;-1
34;726;573;60
34;726;573;60
34;726;573;60
31;734;97;-1
32;755;216;-1
32;766;847;-1
31;789;217;-1
34;792;83;-1
34;792;84;-1
34;795;894;-1
31;794;895;-1
34;805;232;-1
34;805;232;-1
33;810;4;-1
32;821;791;-1
31;836;411;-1
31;839;230;-1
32;846;847;-1
33;848;504;-1
33;848;504;-1
32;863;638;-1
35;877;259;-1
32;877;259;-1
32;877;784;-1
33;891;505;-1
35;901;278;61
36;901;279;61
38;904;277;-1
34;901;278;61
38;904;277;-1
31;918;98;-1
34;919;592;-1
33;920;591;-1
34;923;287;-1
34;923;287;-1
33;929;630;-1
31;949;248;-1
33;953;841;-1
32;967;473;-1
34;972;375;-1
33;980;129;-1
33;992;894;-1
34;2;604;-1
34;12;713;-1
37;13;713;-1
33;66;718;-1
35;101;725;-1
33;101;724;-1
35;108;128;-1
33;123;529;-1
34;126;23;-1
34;125;23;-1
35;139;747;-1
36;139;746;-1
35;179;769;-1
35;179;769;-1
33;211;961;-1
33;231;553;-1
35;247;818;-1
35;250;463;62
36;251;464;62
36;251;463;62
33;256;342;-1
33;275;567;-1
33;278;676;-1
33;287;668;-1
35;295;815;-1
36;295;816;-1
36;329;768;-1
36;329;768;-1
35;340;570;-1
34;339;570;-1
34;347;780;-1
35;375;405;-1
36;376;405;-1
33;380;289;-1
33;381;527;-1
34;423;800;-1
35;422;800;-1
32;424;116;-1
34;433;591;-1
34;456;630;-1
34;457;629;-1
34;465;74;-1
32;488;639;-1
33;518;850;-1
32;519;18;-1
33;524;507;-1
32;527;790;-1
36;541;572;63
35;542;571;63
36;541;573;63
36;542;570;63
33;549;964;-1
34;571;429;-1
34;571;430;-1
33;586;832;-1
33;589;246;-1
35;588;245;-1
35;588;254;-1
35;588;254;-1
34;608;227;-1
32;622;313;-1
36;627;183;64
36;628;183;64
37;627;184;64
37;630;271;-1
34;628;272;-1
37;630;270;-1
34;628;272;-1
34;649;111;-1
35;648;111;-1
34;659;911;-1
35;663;234;65
35;663;234;65
36;663;234;65
35;663;235;65
32;679;359;-1
34;704;436;-1
34;705;435;-1
34;707;371;-1
32;725;495;-1
35;732;958;-1
32;757;380;-1
33;761;713;-1
33;767;923;-1
33;769;244;-1
33;775;765;-1
35;800;264;-1
33;811;206;-1
32;826;279;-1
34;829;664;-1
34;829;664;-1
32;831;69;-1
33;832;231;-1
33;834;289;-1
35;835;80;-1
35;836;79;-1
40;836;77;-1
34;850;416;-1
34;853;566;-1
35;854;566;-1
34;887;324;-1
34;897;947;-1
34;897;946;-1
34;899;259;-1
33;899;56;-1
33;901;679;-1
33;923;960;-1
34;940;218;-1
33;956;226;-1
36;959;82;66
35;959;82;66
35;960;83;66
36;959;97;67
35;959;97;67
35;960;97;67
35;974;391;68
35;974;392;68
35;974;391;68
34;987;42;-1
35;36;931;-1
34;87;504;-1
37;86;503;-1
34;122;124;-1
36;135;887;-1
33;137;672;-1
35;156;37;-1
34;183;113;-1
35;213;968;-1
37;232;831;69
37;232;831;69
38;233;831;69
38;232;832;69
40;233;831;-1
36;255;268;-1
37;254;269;-1
37;256;391;-1
37;256;392;-1
37;257;273;-1
37;258;274;-1
36;268;603;-1
34;268;603;-1
36;273;536;-1
35;288;59;-1
35;302;213;-1
37;301;213;-1
36;304;683;-1
36;303;682;-1
37;306;592;70
38;306;592;70
39;306;593;70
35;326;388;-1
36;327;389;-1
36;337;537;-1
36;347;222;-1
34;352;125;-1
34;352;124;-1
33;357;126;-1
36;369;599;-1
37;370;598;-1
34;380;572;-1
35;381;952;-1
34;385;52;-1
35;422;626;-1
35;422;626;-1
33;488;895;-1
36;490;13;-1
34;492;391;-1
37;493;390;-1
36;494;406;-1
36;494;405;-1
36;543;526;-1
35;542;526;-1
34;585;285;-1
34;594;2;-1
36;593;2;-1
38;599;916;71
39;599;917;71
38;599;916;71
35;632;330;-1
35;632;331;-1
34;644;2;-1
36;648;908;-1
36;648;909;-1
34;654;409;-1
35;668;749;-1
36;669;749;-1
34;672;35;-1
34;672;436;-1
37;675;372;-1
34;674;370;-1
34;680;503;-1
34;684;924;-1
35;685;23;-1
35;685;25;-1
34;698;100;-1
33;698;420;-1
36;707;596;-1
37;707;596;-1
37;712;88;72
38;712;88;72
38;712;89;72
37;712;88;72
38;712;89;72
36;720;628;-1
34;721;648;-1
34;722;647;-1
36;722;71;-1
35;722;70;-1
34;725;288;-1
34;726;328;-1
35;726;513;-1
37;723;512;-1
34;729;752;-1
35;735;233;-1
37;736;233;-1
36;741;644;-1
37;741;645;-1
34;745;168;-1
38;756;169;-1
34;756;170;-1
36;761;507;-1
37;761;508;-1
35;791;645;-1
36;807;195;-1
35;807;195;-1
36;821;265;-1
36;821;265;-1
36;825;222;-1
36;825;221;-1
35;825;241;-1
34;831;245;-1
35;837;252;-1
36;836;252;-1
34;843;23;-1
35;853;672;-1
35;853;671;-1
37;874;574;-1
36;874;574;-1
35;895;193;-1
36;894;194;-1
36;898;234;73
35;898;234;73
36;898;234;73
33;901;204;-1
35;933;809;-1
33;933;155;-1
35;960;561;-1
35;961;560;-1
36;50;685;-1
37;50;686;-1
36;60;940;-1
34;60;939;-1
37;96;132;-1
37;96;132;-1
37;96;534;74
38;97;534;74
36;96;534;74
44;103;147;-1
38;104;147;-1
43;102;148;-1
36;146;112;-1
34;191;90;-1
37;193;927;-1
37;223;715;-1
39;222;715;-1
38;246;477;75
38;246;477;75
37;247;477;75
36;254;852;-1
35;254;851;-1
35;255;205;-1
34;255;334;-1
37;273;526;-1
37;273;527;-1
37;296;764;-1
34;296;765;-1
35;330;157;-1
39;330;157;-1
36;331;792;-1
35;344;776;-1
34;350;484;-1
36;355;42;-1
37;355;43;-1
38;383;826;76
39;383;826;76
38;383;827;76
35;388;17;-1
38;395;922;-1
36;394;921;-1
36;457;123;-1
37;458;122;-1
35;458;40;-1
36;475;62;-1
37;476;63;-1
35;512;24;-1
36;521;359;-1
37;522;360;-1
34;527;481;-1
36;572;659;-1
39;590;772;77
39;590;773;77
39;590;772;77
37;602;428;-1
36;602;427;-1
36;630;336;-1
36;629;336;-1
35;663;523;-1
35;663;190;-1
35;678;40;-1
36;692;169;-1
39;701;42;78
39;701;42;78
39;700;43;78
35;702;628;-1
40;704;362;79
40;704;362;79
40;704;362;79
41;705;362;79
35;704;365;-1
37;709;376;-1
36;708;376;-1
37;713;537;-1
37;721;113;-1
38;722;113;-1
34;724;215;-1
36;743;514;-1
37;743;514;-1
35;779;188;-1
37;794;105;-1
37;794;104;-1
36;800;875;-1
35;804;212;-1
34;821;793;-1
37;824;80;-1
38;825;79;-1
34;825;531;-1
36;836;357;-1
35;844;522;-1
36;846;908;-1
36;846;908;-1
36;851;423;-1
37;862;284;-1
38;861;284;-1
37;875;207;-1
37;875;207;-1
37;877;643;-1
34;877;642;-1
36;889;277;-1
36;902;325;-1
37;907;573;80
37;907;574;80
37;907;573;80
37;910;600;81
37;910;600;81
36;911;600;81
34;912;323;-1
36;914;611;-1
37;940;314;82
37;940;313;82
37;939;314;82
35;959;339;-1
36;970;512;-1
36;969;511;-1
38;974;155;83
38;974;155;83
38;974;155;83
37;988;741;-1
37;988;742;-1
36;3;679;-1
39;30;739;-1
42;30;739;-1
39;132;681;-1
36;132;679;-1
40;154;153;-1
37;154;152;-1
37;182;82;-1
37;223;123;-1
38;228;935;-1
38;228;935;-1
36;281;672;-1
38;364;130;-1
38;363;130;-1
37;373;523;-1
40;373;523;-1
37;372;524;-1
38;372;529;-1
42;369;528;-1
44;369;529;-1
39;371;529;-1
37;383;306;-1
39;444;75;-1
38;444;74;-1
37;458;83;-1
39;471;68;84
40;471;68;84
39;471;68;84
39;472;70;84
37;472;68;-1
40;484;71;85
38;484;70;85
39;483;70;85
36;488;384;-1
37;491;69;-1
36;527;778;-1
36;573;48;-1
37;599;621;-1
37;599;621;-1
36;644;497;-1
40;660;491;-1
36;659;491;-1
40;660;490;-1
36;666;452;-1
43;679;55;-1
37;681;52;-1
43;679;55;-1
37;681;52;-1
38;706;65;86
37;707;66;86
38;706;65;86
35;718;204;-1
37;731;79;-1
37;731;79;-1
35;731;136;-1
37;739;241;-1
36;739;242;-1
38;754;121;-1
39;754;121;-1
38;776;86;-1
35;813;119;-1
37;820;214;-1
37;828;554;-1
37;828;554;-1
37;829;331;-1
36;830;332;-1
37;831;904;-1
37;832;564;-1
37;833;563;-1
39;846;259;-1
38;846;258;-1
37;847;261;-1
35;847;604;-1
36;856;473;-1
37;864;348;-1
36;873;332;-1
36;886;598;-1
38;893;453;-1
38;893;453;-1
35;903;302;-1
36;902;947;-1
38;920;464;87
38;921;463;87
43;921;461;-1
38;920;463;87
37;922;20;-1
37;923;20;-1
36;922;198;-1
38;942;173;88
38;942;173;88
38;942;173;88
35;945;134;-1
35;947;199;-1
36;960;458;-1
37;990;402;-1
38;994;133;-1
35;994;133;-1
39;993;202;-1
39;993;202;-1
37;993;204;-1
37;101;509;-1
38;122;770;-1
39;123;770;-1
39;140;525;-1
37;153;674;-1
39;153;675;-1
37;173;515;-1
37;232;340;-1
37;240;576;-1
40;256;242;-1
37;256;241;-1
38;274;819;-1
39;277;920;-1
39;277;920;-1
38;298;933;-1
39;299;932;-1
39;313;537;-1
40;313;537;-1
37;341;218;-1
38;356;962;-1
39;357;170;-1
40;358;170;-1
38;361;256;-1
38;360;257;-1
39;386;361;-1
39;386;362;-1
36;416;889;-1
36;427;455;-1
44;437;69;-1
37;437;70;-1
45;436;69;-1
38;447;809;-1
38;456;796;-1
37;470;3;-1
39;470;270;-1
39;470;271;-1
38;487;837;-1
36;523;95;-1
39;528;595;-1
38;529;595;-1
38;543;561;-1
37;554;21;-1
38;558;589;-1
37;562;605;-1
37;570;494;-1
38;615;491;-1
39;615;490;-1
37;633;675;-1
36;636;237;-1
37;675;62;-1
37;680;482;-1
38;687;743;-1
38;686;743;-1
37;687;262;-1
37;718;485;-1
37;725;952;-1
41;740;756;89
41;740;755;89
41;740;756;89
41;740;755;89
37;757;644;-1
36;760;915;-1
38;780;466;-1
39;782;267;-1
39;782;267;-1
37;788;221;-1
39;789;170;90
39;789;170;90
39;788;170;90
40;790;106;-1
39;790;107;-1
40;789;110;-1
39;800;222;91
39;800;222;91
40;800;221;91
41;823;644;92
41;823;644;92
41;823;644;92
40;823;644;92
40;823;643;92
40;822;644;92
38;830;497;-1
38;843;691;-1
39;843;691;-1
37;846;493;-1
39;847;364;-1
39;847;363;-1
40;855;367;93
40;855;367;93
40;855;367;93
40;855;368;93
38;860;446;-1
39;860;446;-1
37;893;903;-1
41;894;902;-1
38;904;248;-1
39;916;272;-1
41;916;272;-1
37;945;27;-1
38;953;69;-1
41;961;7;94
41;961;7;94
40;962;7;94
41;961;8;94
39;968;748;-1
37;968;747;-1
39;969;37;-1
40;969;36;-1
39;996;897;95
39;997;898;95
40;997;899;95
37;996;897;-1
38;32;730;-1
40;52;743;-1
39;110;699;-1
39;126;599;-1
38;138;555;-1
39;150;720;-1
39;152;107;-1
37;158;58;-1
37;206;10;-1
40;220;26;-1
40;245;2;-1
39;244;3;-1
38;251;919;-1
38;265;590;-1
39;277;611;-1
39;285;429;-1
40;286;430;-1
37;285;516;-1
38;300;291;-1
39;308;947;-1
41;314;943;-1
41;319;394;-1
40;319;395;-1
39;334;509;-1
41;333;509;-1
39;348;127;-1
39;349;128;-1
40;359;712;-1
40;359;713;-1
37;370;308;-1
38;375;542;-1
40;409;804;-1
39;410;805;-1
39;417;587;-1
39;416;587;-1
39;417;924;-1
43;421;98;-1
41;422;98;-1
43;421;98;-1
40;421;97;-1
37;433;896;-1
37;439;148;-1
38;478;355;-1
39;479;828;-1
39;479;827;-1
37;479;56;-1
39;484;383;-1
40;484;382;-1
37;490;190;-1
37;491;216;-1
40;493;435;96
41;493;435;96
41;494;436;96
40;493;435;96
38;514;45;-1
37;520;781;-1
37;526;319;-1
38;587;397;-1
38;590;110;-1
41;618;686;97
41;618;686;97
40;617;686;97
38;624;234;-1
38;668;424;-1
39;667;424;-1
39;672;475;-1
40;672;521;-1
40;701;5;-1
37;702;6;-1
38;711;389;-1
40;716;71;-1
39;752;800;-1
37;754;335;-1
38;764;545;-1
42;761;736;98
42;762;736;98
42;761;736;98
41;762;735;98
40;768;671;-1
40;769;672;-1
43;768;669;-1
39;816;541;-1
39;816;540;-1
39;825;351;-1
40;824;352;-1
38;828;893;-1
37;833;577;-1
37;848;183;-1
38;848;345;-1
39;849;344;-1
38;858;280;-1
39;866;704;-1
39;869;956;-1
40;869;957;-1
38;870;660;-1
37;880;74;-1
39;881;256;-1
39;881;255;-1
39;886;334;-1
40;885;333;-1
41;892;473;-1
40;893;473;-1
38;907;615;-1
39;909;464;-1
38;912;734;-1
37;919;232;-1
41;942;22;-1
40;942;23;-1
38;943;160;-1
39;959;18;-1
38;978;851;-1
39;32;216;-1
42;102;129;99
42;102;129;99
42;102;128;99
42;131;717;-1
39;132;717;-1
39;137;720;-1
39;193;872;-1
42;213;50;-1
41;214;50;-1
45;213;51;-1
39;253;258;-1
43;295;234;100
43;295;234;100
43;295;235;100
42;295;234;100
46;295;235;-1
39;343;728;-1
39;352;168;-1
40;353;167;-1
40;366;865;-1
41;365;866;-1
41;376;234;-1
40;378;132;-1
38;383;137;-1
39;402;878;-1
40;402;877;-1
39;428;918;-1
40;467;898;-1
39;470;421;-1
39;509;829;-1
42;535;247;-1
39;536;247;-1
40;558;287;-1
40;569;309;-1
39;642;243;-1
39;647;259;-1
39;651;388;-1
40;709;498;-1
39;719;907;-1
39;724;921;-1
41;730;293;-1
41;730;292;-1
39;742;748;-1
41;752;471;-1
41;752;470;-1
42;752;645;-1
41;753;644;-1
41;779;702;-1
42;780;702;-1
41;804;538;-1
39;816;521;-1
41;821;661;-1
41;821;660;-1
40;836;290;-1
41;837;290;-1
39;840;192;-1
40;841;549;-1
39;848;396;-1
39;856;898;-1
40;860;437;-1
41;859;438;-1
42;892;765;-1
41;892;765;-1
40;902;759;-1
41;912;201;101
42;911;200;101
43;912;200;101
41;916;447;-1
41;916;447;-1
40;927;252;-1
41;928;252;-1
39;931;458;-1
41;948;297;102
41;948;297;102
41;949;297;102
40;954;162;-1
42;959;922;-1
42;959;922;-1
39;971;443;-1
41;980;352;103
41;980;352;103
41;979;353;103
40;197;117;-1
40;197;713;-1
43;215;61;-1
43;215;60;-1
41;270;888;-1
41;271;888;-1
40;304;488;-1
39;307;484;-1
42;387;934;-1
42;387;934;-1
41;392;547;-1
40;393;548;-1
39;408;609;-1
40;410;900;-1
41;424;415;-1
42;427;677;-1
43;427;677;-1
39;427;675;-1
41;453;871;-1
40;456;61;-1
42;460;182;-1
41;470;123;-1
40;471;122;-1
39;475;346;-1
41;547;881;-1
42;549;322;-1
42;548;323;-1
40;551;898;-1
41;553;562;-1
42;553;561;-1
40;610;81;-1
43;616;425;104
43;616;425;104
43;616;424;104
41;644;913;-1
40;659;373;-1
41;671;628;-1
42;677;899;-1
42;677;899;-1
41;682;830;-1
41;683;355;-1
40;701;583;-1
40;714;350;-1
43;719;549;-1
45;718;549;-1
40;719;548;-1
39;726;316;-1
41;727;630;-1
43;729;630;-1
41;727;631;-1
39;741;91;-1
41;747;803;-1
40;768;125;-1
41;768;126;-1
41;780;481;-1
41;779;480;-1
41;848;633;-1
40;853;496;-1
41;855;320;-1
41;860;625;-1
41;859;624;-1
40;877;459;-1
40;891;328;-1
42;916;317;-1
42;916;318;-1
42;940;290;-1
41;940;291;-1
41;965;581;-1
39;968;344;-1
40;87;189;-1
42;266;529;-1
41;274;503;-1
44;291;503;-1
41;292;503;-1
43;351;137;105
44;351;137;105
42;352;138;105
42;368;144;-1
40;368;380;-1
44;368;939;106
44;368;939;106
44;368;938;106
43;386;113;-1
42;422;747;-1
40;425;131;-1
42;427;262;-1
43;426;263;-1
40;432;409;-1
43;467;609;-1
43;467;608;-1
42;475;361;-1
41;474;360;-1
44;481;201;107
44;481;201;107
48;478;201;-1
43;481;202;107
41;487;887;-1
41;497;818;-1
42;506;259;-1
43;506;258;-1
44;555;83;-1
44;556;82;-1
42;555;83;-1
44;563;761;-1
43;562;761;-1
41;600;922;-1
44;605;838;-1
42;605;838;-1
40;607;711;-1
41;622;259;-1
44;628;726;-1
43;627;726;-1
42;629;879;-1
41;645;137;-1
43;666;887;-1
42;667;887;-1
41;673;2;-1
43;685;410;-1
42;684;410;-1
41;696;636;-1
42;787;688;-1
41;837;559;-1
43;838;270;-1
42;837;269;-1
41;838;510;-1
42;845;496;-1
42;844;496;-1
41;876;121;-1
43;890;485;-1
42;889;486;-1
41;892;701;-1
45;892;916;-1
43;892;915;-1
46;893;916;-1
42;909;780;-1
43;909;781;-1
42;928;248;-1
41;929;248;-1
44;930;242;108
44;930;242;108
44;930;242;108
43;929;244;-1
41;930;786;-1
41;936;4;-1
42;950;209;-1
41;949;209;-1
40;960;285;-1
42;977;314;-1
42;978;315;-1
41;983;725;-1
42;105;50;-1
44;200;921;-1
45;201;920;-1
45;202;77;-1
42;202;77;-1
42;217;850;-1
43;262;889;-1
44;279;600;-1
42;342;417;-1
45;384;543;-1
45;384;544;-1
44;477;405;-1
43;477;405;-1
42;511;113;-1
43;512;891;-1
42;513;890;-1
45;517;392;109
45;516;391;109
45;517;392;109
42;531;349;-1
45;535;861;-1
45;535;861;-1
42;535;898;-1
43;547;512;-1
41;562;330;-1
43;578;562;-1
43;584;751;-1
43;600;284;-1
44;600;283;-1
42;648;859;-1
43;648;859;-1
43;677;459;-1
44;676;460;-1
42;682;164;-1
42;711;429;-1
43;785;680;-1
42;784;680;-1
42;785;250;-1
43;820;892;-1
43;827;493;-1
44;875;169;-1
42;876;170;-1
41;893;234;-1
42;932;65;-1
44;946;224;-1
44;946;225;-1
43;966;890;-1
42;979;520;-1
42;18;894;-1
43;138;51;-1
42;184;92;-1
45;298;509;-1
44;392;521;-1
44;427;620;-1
42;433;298;-1
42;440;95;-1
43;470;358;-1
45;473;92;-1
45;473;92;-1
48;474;93;-1
44;496;374;-1
45;496;373;-1
42;500;411;-1
42;502;21;-1
44;509;814;-1
44;509;814;-1
45;527;338;-1
43;528;338;-1
43;596;740;-1
46;609;691;-1
46;609;691;-1
43;649;846;-1
46;659;2;110
47;659;1;110
46;659;2;110
43;669;631;-1
43;676;399;-1
42;677;605;-1
45;706;583;111
45;706;584;111
45;706;583;111
44;707;571;-1
45;755;499;-1
43;761;630;-1
45;770;963;-1
45;770;962;-1
45;775;505;-1
44;775;504;-1
43;788;833;-1
44;809;897;-1
43;810;242;-1
44;810;243;-1
43;814;97;-1
46;820;255;-1
46;820;255;-1
44;824;895;-1
45;857;565;-1
45;857;564;-1
43;862;588;-1
43;901;77;-1
45;922;78;-1
45;922;78;-1
48;922;78;-1
43;958;527;-1
44;985;862;-1
43;986;862;-1
43;132;124;-1
45;171;568;-1
43;363;155;-1
44;378;541;-1
43;591;309;-1
44;623;115;-1
46;625;923;-1
45;626;923;-1
45;667;1;-1
43;669;498;-1
46;673;369;-1
46;673;368;-1
46;686;458;-1
45;686;459;-1
44;690;820;-1
44;699;540;-1
45;703;528;-1
45;702;529;-1
45;715;951;-1
45;754;80;-1
45;760;649;-1
45;768;381;-1
46;767;378;-1
45;782;153;-1
46;794;479;-1
45;794;479;-1
46;800;385;112
46;800;385;112
46;800;385;112
45;805;512;-1
45;806;512;-1
45;846;572;-1
45;852;627;-1
46;853;628;-1
46;861;650;-1
45;862;650;-1
45;865;267;-1
43;867;674;-1
46;874;313;-1
44;875;312;-1
46;875;290;113
47;875;290;113
46;875;290;113
47;886;479;114
47;885;479;114
47;886;479;114
46;901;174;-1
45;901;174;-1
47;933;311;-1
46;933;311;-1
44;935;458;-1
45;945;302;-1
44;977;328;-1
44;991;365;-1
44;996;331;-1
48;70;859;-1
45;70;858;-1
48;224;4;-1
45;225;3;-1
46;313;496;-1
45;313;495;-1
46;322;224;-1
45;360;275;-1
46;401;570;-1
45;403;101;-1
46;417;248;-1
46;417;247;-1
45;487;404;-1
45;513;578;-1
46;523;344;-1
48;535;556;115
49;535;556;115
48;536;557;115
50;536;556;115
46;559;304;-1
46;558;304;-1
45;622;316;-1
45;628;617;-1
48;634;616;-1
48;635;617;-1
47;673;872;-1
49;673;872;-1
47;674;871;-1
45;677;747;-1
46;715;140;-1
46;715;140;-1
45;715;457;-1
46;735;553;-1
49;742;70;116
49;742;70;116
48;743;70;116
45;743;669;-1
48;754;100;117
48;754;101;117
48;754;100;117
47;767;189;-1
47;766;190;-1
45;795;946;-1
46;797;676;-1
47;797;675;-1
46;804;942;-1
47;825;205;-1
46;824;205;-1
46;830;625;-1
45;838;543;-1
45;846;335;-1
48;858;202;-1
48;858;202;-1
45;881;210;-1
47;900;460;-1
47;900;460;-1
47;901;762;-1
45;900;761;-1
44;910;592;-1
46;927;75;-1
46;927;74;-1
47;939;225;-1
47;940;225;-1
46;973;335;-1
45;41;720;-1
47;76;896;-1
48;146;72;-1
45;215;712;-1
49;285;309;118
49;286;309;118
50;285;309;118
45;313;499;-1
49;326;655;-1
48;326;654;-1
46;347;241;-1
48;365;140;-1
48;365;140;-1
46;409;240;-1
46;456;390;-1
47;469;33;-1
47;469;34;-1
48;478;394;-1
48;478;394;-1
50;477;394;-1
47;525;962;-1
47;551;350;-1
49;555;513;119
48;555;513;119
49;555;514;119
48;583;261;-1
48;584;261;-1
47;589;742;-1
49;610;293;-1
46;610;293;-1
48;649;554;120
48;649;554;120
48;649;554;120
52;650;554;-1
48;668;392;-1
48;693;378;121
48;693;378;121
49;693;378;121
45;716;572;-1
48;736;758;-1
48;736;758;-1
48;756;508;122
48;755;508;122
49;756;509;122
46;777;112;-1
48;784;267;-1
51;784;267;-1
46;819;670;-1
48;831;82;-1
47;866;357;-1
48;867;542;-1
48;867;542;-1
49;883;590;123
49;883;591;123
48;884;590;123
46;883;664;-1
47;886;626;-1
47;886;626;-1
46;892;757;-1
46;896;930;-1
48;897;467;-1
47;928;569;-1
47;945;269;-1
48;979;391;-1
49;980;392;-1
46;981;301;-1
48;302;363;-1
50;456;105;124
50;457;105;124
49;457;105;124
47;518;366;-1
46;537;916;-1
48;541;392;-1
47;560;568;-1
51;580;11;-1
48;581;11;-1
51;580;10;-1
47;629;420;-1
49;662;223;-1
46;662;223;-1
47;685;573;-1
47;710;493;-1
49;741;500;125
49;741;501;125
48;742;500;125
48;744;695;-1
48;750;211;-1
50;797;134;-1
50;797;134;-1
48;797;629;-1
48;797;878;-1
50;835;550;-1
50;835;550;-1
49;840;142;-1
48;845;473;-1
49;860;345;-1
48;859;345;-1
47;864;516;-1
50;885;668;-1
49;886;668;-1
48;900;315;-1
47;935;300;-1
47;7;823;-1
47;18;752;-1
48;312;513;-1
48;467;245;-1
51;467;246;-1
50;469;166;-1
51;472;168;-1
51;469;166;-1
54;472;167;-1
48;469;587;-1
49;502;372;-1
48;502;371;-1
49;545;43;-1
49;571;900;-1
50;574;265;-1
48;574;264;-1
47;591;242;-1
48;597;723;-1
49;604;932;-1
50;604;933;-1
49;606;770;-1
51;658;56;-1
48;658;57;-1
49;668;492;-1
50;669;492;-1
51;677;940;-1
49;678;940;-1
48;681;133;-1
50;733;783;-1
49;733;783;-1
50;754;187;-1
50;753;186;-1
48;772;228;-1
50;793;1;-1
51;793;1;-1
48;853;458;-1
49;863;527;-1
51;882;329;-1
52;881;329;-1
49;882;330;-1
48;935;846;-1
48;964;858;-1
53;197;590;-1
49;198;589;-1
48;329;493;-1
50;346;826;-1
53;481;366;126
52;481;366;126
54;481;366;126
51;481;366;126
51;482;366;126
48;541;930;-1
51;541;369;-1
51;565;124;-1
51;595;87;127
51;595;87;127
51;596;88;127
50;658;18;-1
48;670;391;-1
51;680;539;-1
51;680;539;-1
50;691;657;-1
50;694;524;-1
50;706;962;-1
48;724;574;-1
49;744;163;-1
49;756;145;-1
48;828;898;-1
49;843;900;-1
50;851;663;-1
51;850;662;-1
50;875;453;-1
50;874;453;-1
49;900;103;-1
50;907;448;-1
50;907;448;-1
49;911;716;-1
51;8;885;-1
51;22;722;-1
53;22;720;-1
50;27;746;-1
53;26;747;-1
50;366;309;-1
52;433;333;-1
53;432;333;-1
51;502;366;-1
52;502;366;-1
51;514;332;-1
50;555;30;-1
49;599;181;-1
50;623;363;-1
49;639;535;-1
51;650;9;-1
52;651;656;-1
50;676;913;-1
53;692;561;-1
52;692;561;-1
50;699;927;-1
50;739;158;-1
50;749;519;-1
53;783;52;-1
54;783;52;-1
51;783;52;-1
51;802;368;-1
50;829;562;-1
49;858;443;-1
50;859;831;-1
51;865;475;-1
52;873;358;-1
50;922;316;-1
52;922;670;-1
49;929;822;-1
52;943;576;-1
50;993;356;-1
53;994;355;-1
53;53;817;-1
51;71;813;-1
53;292;342;-1
54;292;343;-1
51;428;270;-1
51;513;467;-1
56;529;408;-1
56;529;408;-1
51;530;407;-1
51;596;289;-1
51;608;857;-1
50;642;927;-1
53;767;99;-1
53;766;99;-1
51;767;701;-1
51;771;156;-1
51;783;156;-1
50;798;288;-1
52;806;946;-1
50;812;324;-1
52;819;691;-1
52;857;80;-1
51;859;62;-1
54;880;582;128
53;880;585;128
54;880;581;128
54;881;584;128
51;894;946;-1
53;970;478;-1
52;970;479;-1
53;989;465;-1
52;989;465;-1
54;103;838;-1
53;424;324;-1
54;512;421;-1
51;512;422;-1
54;570;686;-1
55;569;686;-1
53;579;173;-1
53;615;933;-1
55;615;934;-1
54;628;921;-1
53;628;922;-1
55;658;506;-1
54;659;506;-1
58;657;503;-1
55;717;968;-1
54;717;968;-1
56;718;194;-1
57;718;194;-1
51;719;194;-1
52;720;329;-1
53;721;746;-1
55;722;747;-1
52;741;280;-1
52;771;736;-1
51;786;676;-1
53;806;78;-1
54;806;78;-1
53;893;340;-1
53;910;752;-1
54;911;753;-1
53;921;437;-1
51;920;761;-1
52;927;894;-1
55;6;962;-1
54;303;327;-1
54;304;326;-1
53;328;813;-1
54;377;349;-1
53;375;349;-1
54;410;396;-1
55;440;401;-1
56;441;401;-1
54;452;442;-1
55;634;903;-1
56;634;903;-1
54;671;510;-1
54;730;674;-1
53;797;333;-1
54;857;542;-1
55;856;541;-1
52;856;545;-1
53;870;53;-1
55;892;954;-1
53;892;953;-1
55;927;505;-1
55;926;504;-1
53;961;818;-1
54;989;393;-1
53;990;601;-1
54;24;794;-1
53;395;315;-1
55;409;711;-1
54;440;268;-1
55;445;542;-1
54;462;256;-1
57;562;80;-1
57;562;79;-1
55;598;787;-1
57;598;786;-1
53;641;851;-1
57;642;751;-1
57;643;751;-1
55;649;359;-1
57;670;816;-1
56;670;817;-1
54;729;751;-1
53;731;398;-1
55;778;105;-1
54;800;944;-1
54;876;701;-1
55;875;702;-1
57;887;701;129
56;888;700;129
58;887;700;129
55;894;460;-1
55;919;489;-1
53;920;604;-1
55;927;751;-1
56;69;838;-1
55;392;314;-1
54;465;279;-1
56;491;361;-1
54;552;64;-1
54;622;29;-1
56;630;723;-1
56;637;8;-1
56;662;672;-1
56;661;673;-1
57;687;395;-1
55;701;438;-1
55;707;966;-1
56;740;711;-1
56;740;712;-1
54;763;206;-1
56;767;781;-1
56;767;783;-1
54;967;880;-1
55;991;879;-1
58;369;505;-1
58;369;506;-1
57;435;491;-1
59;480;201;-1
59;479;202;-1
56;492;335;-1
60;493;447;130
60;493;447;130
60;493;447;130
61;493;446;130
58;493;447;-1
57;495;215;-1
59;522;472;-1
56;523;472;-1
61;523;473;-1
56;580;279;-1
56;599;322;-1
56;627;286;-1
56;639;702;-1
59;664;423;-1
59;665;423;-1
59;703;410;-1
56;704;410;-1
57;762;676;-1
56;784;954;-1
56;827;682;-1
57;966;498;-1
59;59;789;-1
59;59;790;-1
60;402;181;-1
57;403;181;-1
60;411;168;-1
61;410;168;-1
59;465;486;-1
59;470;216;-1
59;471;216;-1
58;530;486;-1
57;598;294;-1
58;627;797;-1
56;649;250;-1
57;659;749;-1
58;663;408;-1
59;682;842;-1
57;709;421;-1
59;725;176;-1
60;725;175;-1
57;769;136;-1
59;792;94;-1
59;792;95;-1
59;994;461;-1
58;475;454;-1
58;599;41;-1
60;609;486;-1
61;608;486;-1
60;646;348;-1
59;646;347;-1
59;650;337;-1
59;716;700;-1
58;763;759;-1
61;846;675;131
60;846;674;131
59;847;675;131
59;902;524;-1
62;902;524;-1
60;911;120;-1
59;914;694;-1
62;914;694;-1
59;942;964;-1
58;947;834;-1
60;994;422;-1
60;994;421;-1
61;566;448;-1
60;566;447;-1
59;593;423;-1
59;608;847;-1
59;646;245;-1
59;654;895;-1
59;660;266;-1
59;665;354;-1
59;713;295;-1
59;802;95;-1
62;828;54;-1
59;827;54;-1
59;879;102;-1
60;882;415;-1
60;888;708;-1
61;894;126;-1
59;908;528;-1
59;928;526;-1
59;934;777;-1
59;952;445;-1
59;6;806;-1
59;400;189;-1
61;553;450;-1
62;597;63;-1
61;604;59;-1
62;605;60;-1
61;622;344;-1
60;650;730;-1
61;677;366;-1
61;680;184;-1
61;702;856;-1
63;701;857;-1
61;747;295;-1
61;747;294;-1
61;836;52;-1
61;836;53;-1
63;863;701;-1
60;863;701;-1
63;910;685;-1
59;910;685;-1
64;529;424;-1
64;530;424;-1
60;530;424;-1
61;538;359;-1
61;540;225;-1
62;624;330;-1
61;647;734;-1
62;688;829;-1
63;688;829;-1
62;735;757;-1
64;735;758;-1
61;735;878;-1
60;745;415;-1
62;808;847;-1
61;927;676;-1
61;928;837;-1
61;964;553;-1
60;985;430;-1
62;671;418;-1
63;691;839;-1
62;720;815;-1
63;736;347;-1
62;898;818;-1
63;905;730;-1
67;906;730;-1
63;927;767;-1
61;949;857;-1
62;971;840;-1
64;699;365;-1
63;712;892;-1
65;731;350;-1
64;730;350;-1
63;740;771;-1
63;807;867;-1
66;845;880;-1
64;845;879;-1
65;530;379;-1
66;681;354;-1
66;681;355;-1
65;729;827;-1
66;770;359;-1
66;879;731;132
67;878;731;132
66;879;731;132
65;620;452;-1
64;711;413;-1
64;737;297;-1
67;742;878;-1
67;742;879;-1
65;828;837;-1
67;628;426;-1
67;660;341;-1
67;867;750;-1
66;923;785;-1
67;943;870;-1
67;553;405;-1
67;712;328;-1
67;789;411;-1
67;701;308;-1
