26;560;50;-1
26;621;48;-1
26;738;20;-1
26;804;114;-1
26;819;64;-1
26;850;162;-1
26;898;73;-1
26;942;141;-1
26;969;97;-1
27;127;24;-1
27;351;35;-1
27;449;73;-1
27;665;21;-1
27;742;109;-1
27;754;50;-1
27;811;96;-1
27;940;277;-1
28;3;84;-1
28;349;198;-1
28;375;136;-1
28;408;291;-1
28;515;383;-1
28;560;72;-1
28;659;558;-1
28;687;397;-1
28;706;361;-1
28;775;376;-1
28;783;565;-1
28;796;121;-1
28;846;32;-1
28;860;57;-1
28;953;146;-1
28;967;42;-1
28;967;121;-1
28;990;17;-1
29;61;686;-1
29;99;97;-1
29;179;111;-1
29;249;120;-1
29;329;418;-1
29;354;498;-1
29;433;543;-1
29;434;487;-1
29;459;264;-1
29;466;60;-1
29;539;185;-1
29;548;591;-1
29;655;65;-1
29;657;79;-1
29;680;130;-1
29;699;43;-1
29;758;181;-1
29;767;190;-1
29;776;254;-1
29;788;466;-1
29;793;450;-1
29;818;611;-1
29;822;733;-1
29;839;217;-1
29;854;523;-1
29;937;477;-1
29;991;351;-1
30;51;600;-1
30;77;149;-1
30;182;538;-1
30;225;284;-1
30;239;162;-1
30;263;167;-1
30;291;588;-1
30;296;20;-1
30;319;513;-1
30;343;651;-1
30;351;209;-1
30;354;670;-1
30;366;372;-1
30;367;8;-1
30;423;241;-1
30;427;138;-1
30;453;215;-1
30;464;418;-1
30;496;366;-1
30;554;17;-1
30;600;560;-1
30;615;788;-1
30;623;135;-1
30;635;203;-1
30;666;474;-1
30;688;161;-1
30;747;361;-1
30;848;449;-1
30;905;277;-1
30;921;610;-1
30;977;383;-1
30;987;538;-1
30;991;312;-1
31;47;832;-1
31;65;452;-1
31;72;174;-1
31;190;695;-1
31;196;120;-1
31;202;87;-1
31;231;659;-1
31;309;652;-1
31;378;60;-1
31;391;789;-1
31;440;315;-1
31;445;427;-1
31;466;612;-1
31;467;823;-1
31;506;358;-1
31;551;163;-1
31;553;74;-1
31;587;626;-1
31;623;825;-1
31;639;616;-1
31;651;817;-1
31;676;17;-1
31;730;0;-1
31;740;37;-1
31;765;26;-1
31;765;667;-1
31;768;42;-1
31;776;148;-1
31;778;564;-1
31;798;909;-1
31;901;779;-1
31;912;313;-1
31;939;227;-1
31;953;75;-1
31;960;340;-1
31;964;72;-1
31;981;516;-1
32;2;723;-1
32;14;703;-1
32;53;929;-1
32;171;872;-1
32;179;125;-1
32;212;44;-1
32;214;910;-1
32;221;830;-1
32;222;949;-1
32;237;527;-1
32;272;721;-1
32;275;677;-1
32;275;696;-1
32;276;652;-1
32;297;417;-1
32;330;681;-1
32;358;936;-1
32;365;64;-1
32;365;939;-1
32;406;54;-1
32;411;215;-1
32;463;37;-1
32;494;607;-1
32;521;345;-1
32;536;834;-1
32;568;11;-1
32;575;226;-1
32;604;276;-1
32;626;723;-1
32;632;898;-1
32;635;904;-1
32;648;2;-1
32;671;274;-1
32;692;215;-1
32;695;360;-1
32;723;545;-1
32;758;145;-1
32;790;906;-1
32;791;98;-1
32;791;710;-1
32;812;934;-1
32;822;200;-1
32;846;662;-1
32;853;700;-1
32;856;712;-1
32;859;666;-1
32;880;968;-1
32;886;191;-1
32;942;365;-1
32;947;110;-1
32;962;412;-1
32;975;182;-1
32;986;755;-1
33;7;437;-1
33;81;729;-1
33;320;603;-1
33;354;623;-1
33;368;636;-1
33;389;213;-1
33;390;832;-1
33;399;5;-1
33;409;867;-1
33;413;726;-1
33;430;887;-1
33;511;575;-1
33;519;448;-1
33;555;518;-1
33;623;236;-1
33;627;895;-1
33;661;416;-1
33;673;10;-1
33;776;104;-1
33;779;662;-1
33;816;720;-1
33;861;199;-1
33;863;347;-1
33;864;144;-1
33;871;214;-1
33;905;875;-1
33;930;897;-1
33;969;79;-1
34;14;907;-1
34;16;924;-1
34;68;740;-1
34;99;630;-1
34;159;40;-1
34;176;99;-1
34;239;366;-1
34;240;950;-1
34;253;53;-1
34;270;208;-1
34;279;404;-1
34;294;468;-1
34;324;813;-1
34;363;286;-1
34;419;428;-1
34;421;117;-1
34;451;789;-1
34;473;70;-1
34;492;46;-1
34;502;474;-1
34;516;62;-1
34;558;39;-1
34;559;563;-1
34;576;896;-1
34;609;4;-1
34;616;853;-1
34;629;700;-1
34;643;733;-1
34;666;4;-1
34;688;96;-1
34;713;255;-1
34;732;642;-1
34;750;186;-1
34;776;775;-1
34;783;17;-1
34;879;26;-1
34;904;71;-1
34;912;65;-1
34;931;818;-1
34;953;462;-1
34;981;0;-1
34;995;729;-1
35;117;173;-1
35;131;483;-1
35;149;948;-1
35;177;552;-1
35;241;827;-1
35;242;263;-1
35;248;955;-1
35;261;246;-1
35;312;587;-1
35;358;75;-1
35;381;844;-1
35;393;707;-1
35;397;587;-1
35;425;562;-1
35;433;25;-1
35;436;88;-1
35;454;143;-1
35;465;602;-1
35;472;884;-1
35;482;553;-1
35;522;808;-1
35;548;61;-1
35;556;90;-1
35;695;952;-1
35;753;734;-1
35;764;59;-1
35;777;207;-1
35;812;674;-1
35;896;596;-1
35;953;565;-1
35;958;188;-1
35;964;220;-1
36;13;732;-1
36;25;729;-1
36;155;823;-1
36;228;871;-1
36;239;271;-1
36;244;294;-1
36;270;272;-1
36;284;215;-1
36;288;416;-1
36;341;593;-1
36;367;286;-1
36;386;802;-1
36;396;29;-1
36;404;573;-1
36;404;579;-1
36;408;243;-1
36;442;155;-1
36;481;812;-1
36;493;561;-1
36;524;466;-1
36;526;284;-1
36;547;100;-1
36;549;542;-1
36;560;789;-1
36;577;596;-1
36;578;756;-1
36;609;247;-1
36;674;921;-1
36;675;57;-1
36;703;341;-1
36;704;55;-1
36;737;615;-1
36;738;781;-1
36;772;173;-1
36;772;727;-1
36;788;250;-1
36;795;129;-1
36;888;723;-1
36;903;525;-1
36;903;677;-1
36;904;617;-1
36;904;854;-1
36;917;214;-1
36;947;821;-1
36;963;837;-1
37;141;696;-1
37;211;851;-1
37;232;359;-1
37;250;330;-1
37;277;210;-1
37;327;228;-1
37;351;361;-1
37;355;198;-1
37;363;829;-1
37;369;965;-1
37;410;838;-1
37;419;592;-1
37;433;958;-1
37;474;847;-1
37;504;78;-1
37;515;333;-1
37;535;240;-1
37;542;12;-1
37;585;130;-1
37;590;156;-1
37;617;948;-1
37;663;600;-1
37;701;885;-1
37;709;634;-1
37;719;351;-1
37;744;251;-1
37;747;470;-1
37;790;232;-1
37;807;926;-1
37;839;235;-1
37;860;121;-1
37;907;11;-1
37;941;722;-1
37;984;895;-1
37;991;743;-1
38;107;590;-1
38;123;541;-1
38;166;772;-1
38;205;670;-1
38;274;900;-1
38;294;823;-1
38;297;313;-1
38;341;763;-1
38;349;622;-1
38;390;933;-1
38;397;921;-1
38;499;525;-1
38;523;868;-1
38;617;297;-1
38;641;160;-1
38;660;140;-1
38;712;919;-1
38;729;924;-1
38;730;390;-1
38;755;278;-1
38;773;84;-1
38;778;116;-1
38;848;368;-1
38;924;782;-1
38;925;180;-1
38;934;878;-1
38;943;728;-1
38;973;212;-1
38;974;889;-1
39;29;941;-1
39;144;117;-1
39;157;719;-1
39;207;556;-1
39;243;867;-1
39;246;334;-1
39;301;266;-1
39;301;599;-1
39;325;749;-1
39;348;947;-1
39;391;881;-1
39;402;263;-1
39;404;313;-1
39;409;901;-1
39;455;776;-1
39;535;23;-1
39;540;297;-1
39;578;707;-1
39;612;281;-1
39;625;889;-1
39;634;86;-1
39;693;548;-1
39;703;469;-1
39;705;919;-1
39;706;416;-1
39;713;614;-1
39;719;912;-1
39;723;172;-1
39;746;67;-1
39;780;389;-1
39;796;54;-1
39;804;77;-1
39;805;684;-1
39;835;507;-1
39;848;632;-1
39;850;839;-1
39;903;313;-1
39;912;669;-1
39;950;727;-1
40;13;914;-1
40;119;748;-1
40;135;764;-1
40;221;945;-1
40;222;909;-1
40;231;740;-1
40;283;391;-1
40;293;547;-1
40;367;388;-1
40;392;107;-1
40;394;0;-1
40;447;820;-1
40;477;55;-1
40;491;60;-1
40;514;763;-1
40;521;616;-1
40;526;327;-1
40;544;846;-1
40;546;508;-1
40;556;824;-1
40;562;758;-1
40;603;314;-1
40;620;314;-1
40;633;898;-1
40;649;143;-1
40;656;599;-1
40;659;934;-1
40;684;819;-1
40;695;6;-1
40;696;938;-1
40;830;831;-1
40;831;825;-1
40;849;461;-1
40;855;619;-1
40;874;238;-1
40;874;583;-1
40;896;425;-1
40;905;919;-1
40;918;610;-1
40;951;514;-1
40;964;736;-1
41;22;209;-1
41;173;138;-1
41;227;39;-1
41;242;911;-1
41;250;890;-1
41;264;481;-1
41;338;142;-1
41;350;216;-1
41;370;426;-1
41;371;385;-1
41;372;706;-1
41;387;616;-1
41;389;650;-1
41;395;116;-1
41;415;518;-1
41;484;519;-1
41;491;49;-1
41;495;798;-1
41;527;773;-1
41;546;807;-1
41;549;79;-1
41;553;308;-1
41;586;435;-1
41;619;178;-1
41;623;658;-1
41;695;717;-1
41;800;478;-1
41;807;818;-1
41;808;129;-1
41;818;452;-1
41;818;651;-1
41;855;921;-1
41;862;407;-1
41;894;922;-1
41;909;838;-1
41;918;932;-1
41;941;352;-1
41;976;478;-1
41;985;713;-1
42;132;711;-1
42;174;95;-1
42;386;135;-1
42;406;279;-1
42;421;577;-1
42;429;503;-1
42;433;872;-1
42;435;618;-1
42;436;275;-1
42;446;190;-1
42;451;651;-1
42;461;859;-1
42;485;295;-1
42;489;882;-1
42;491;446;-1
42;499;704;-1
42;523;105;-1
42;571;777;-1
42;595;654;-1
42;602;829;-1
42;608;899;-1
42;638;372;-1
42;673;238;-1
42;684;573;-1
42;745;399;-1
42;750;157;-1
42;750;967;-1
42;759;185;-1
42;767;723;-1
42;841;339;-1
42;855;446;-1
42;859;905;-1
42;864;28;-1
42;870;685;-1
42;921;45;-1
42;921;297;-1
42;947;292;-1
43;24;782;-1
43;252;817;-1
43;275;833;-1
43;305;814;-1
43;418;904;-1
43;485;123;-1
43;512;88;-1
43;537;800;-1
43;569;326;-1
43;580;335;-1
43;584;214;-1
43;586;617;-1
43;588;299;-1
43;612;864;-1
43;617;293;-1
43;628;107;-1
43;641;377;-1
43;661;165;-1
43;663;631;-1
43;695;638;-1
43;711;644;-1
43;765;134;-1
43;818;84;-1
43;820;290;-1
43;829;776;-1
43;847;337;-1
43;848;307;-1
43;950;202;-1
43;955;773;-1
43;967;844;-1
43;970;840;-1
43;977;598;-1
44;20;726;-1
44;51;906;-1
44;114;94;-1
44;143;577;-1
44;207;856;-1
44;218;107;-1
44;356;259;-1
44;465;393;-1
44;515;131;-1
44;549;830;-1
44;564;236;-1
44;659;9;-1
44;687;932;-1
44;706;649;-1
44;735;575;-1
44;763;758;-1
44;772;815;-1
44;805;942;-1
44;827;483;-1
44;910;699;-1
44;952;117;-1
44;955;291;-1
45;102;136;-1
45;181;679;-1
45;208;92;-1
45;268;847;-1
45;313;283;-1
45;345;235;-1
45;455;95;-1
45;464;662;-1
45;481;163;-1
45;527;567;-1
45;554;877;-1
45;597;902;-1
45;600;300;-1
45;627;221;-1
45;632;26;-1
45;651;22;-1
45;694;934;-1
45;728;618;-1
45;785;668;-1
45;847;133;-1
45;866;668;-1
45;867;613;-1
45;913;153;-1
45;948;843;-1
45;951;320;-1
46;39;705;-1
46;55;214;-1
46;153;131;-1
46;208;908;-1
46;365;425;-1
46;397;407;-1
46;482;354;-1
46;491;902;-1
46;529;847;-1
46;543;954;-1
46;609;697;-1
46;616;726;-1
46;643;925;-1
46;698;565;-1
46;887;959;-1
46;907;660;-1
46;923;164;-1
46;945;444;-1
46;970;581;-1
47;73;878;-1
47;206;642;-1
47;307;456;-1
47;319;379;-1
47;474;195;-1
47;485;413;-1
47;488;196;-1
47;526;743;-1
47;540;72;-1
47;559;880;-1
47;587;52;-1
47;611;832;-1
47;675;608;-1
47;695;264;-1
47;708;792;-1
47;710;563;-1
47;756;709;-1
47;763;679;-1
47;779;666;-1
47;783;66;-1
47;787;123;-1
47;791;860;-1
47;929;786;-1
48;156;41;-1
48;172;83;-1
48;455;422;-1
48;458;666;-1
48;533;755;-1
48;620;554;-1
48;622;116;-1
48;622;169;-1
48;631;61;-1
48;689;667;-1
48;730;414;-1
48;807;336;-1
48;920;817;-1
48;950;253;-1
48;974;843;-1
49;18;798;-1
49;60;872;-1
49;121;145;-1
49;397;123;-1
49;414;123;-1
49;473;426;-1
49;476;187;-1
49;503;343;-1
49;530;536;-1
49;582;212;-1
49;611;674;-1
49;664;898;-1
49;673;249;-1
49;690;947;-1
49;721;758;-1
49;741;203;-1
49;815;287;-1
49;919;683;-1
49;936;840;-1
49;936;913;-1
50;345;828;-1
50;346;319;-1
50;582;24;-1
50;607;297;-1
50;610;296;-1
50;610;863;-1
50;638;73;-1
50;659;821;-1
50;736;637;-1
50;770;742;-1
50;809;880;-1
50;813;722;-1
50;815;353;-1
50;815;884;-1
50;835;140;-1
50;842;710;-1
50;854;494;-1
50;894;464;-1
50;894;482;-1
50;898;907;-1
50;913;93;-1
50;929;811;-1
50;932;825;-1
50;997;886;-1
51;138;15;-1
51;371;651;-1
51;383;345;-1
51;609;512;-1
51;634;741;-1
51;642;277;-1
51;697;935;-1
51;712;469;-1
51;768;374;-1
51;856;414;-1
51;873;688;-1
52;543;396;-1
52;618;549;-1
52;630;79;-1
52;661;762;-1
52;675;564;-1
52;692;781;-1
52;764;577;-1
52;844;460;-1
52;878;730;-1
52;926;53;-1
52;984;417;-1
53;468;172;-1
53;476;442;-1
53;570;91;-1
53;631;926;-1
53;682;418;-1
53;705;651;-1
53;712;273;-1
53;717;858;-1
53;747;285;-1
53;777;272;-1
53;791;64;-1
53;793;54;-1
53;804;881;-1
53;877;53;-1
53;927;614;-1
53;936;816;-1
53;983;579;-1
53;996;358;-1
53;997;611;-1
54;118;877;-1
54;143;899;-1
54;155;867;-1
54;585;240;-1
54;603;21;-1
54;619;77;-1
54;677;242;-1
54;732;285;-1
54;882;43;-1
54;939;527;-1
55;467;346;-1
55;489;202;-1
55;504;369;-1
55;559;67;-1
55;583;169;-1
55;628;338;-1
55;649;176;-1
55;735;656;-1
55;744;772;-1
55;747;696;-1
55;816;863;-1
55;859;790;-1
55;942;729;-1
56;395;216;-1
56;397;403;-1
56;465;247;-1
56;506;472;-1
56;604;840;-1
56;635;246;-1
56;673;963;-1
56;692;208;-1
56;697;941;-1
56;717;684;-1
56;907;492;-1
56;911;584;-1
57;501;281;-1
57;641;533;-1
57;699;737;-1
57;876;20;-1
57;910;709;-1
57;923;836;-1
57;934;959;-1
58;436;238;-1
58;519;493;-1
58;712;835;-1
58;774;86;-1
58;782;322;-1
58;786;84;-1
58;822;881;-1
58;966;419;-1
58;977;599;-1
59;1;823;-1
59;356;694;-1
59;575;436;-1
59;600;789;-1
59;641;257;-1
59;692;216;-1
59;694;925;-1
59;697;349;-1
59;700;864;-1
59;739;875;-1
59;819;821;-1
59;879;747;-1
59;905;451;-1
59;911;742;-1
59;912;869;-1
59;949;475;-1
59;972;873;-1
59;990;497;-1
59;997;616;-1
60;491;432;-1
60;657;876;-1
60;660;473;-1
60;671;283;-1
60;672;314;-1
60;684;225;-1
60;822;127;-1
60;945;810;-1
60;992;645;-1
61;185;21;-1
61;460;271;-1
61;493;447;-1
61;615;37;-1
61;623;492;-1
61;638;568;-1
61;667;206;-1
61;701;857;-1
61;754;784;-1
61;815;902;-1
61;858;900;-1
61;867;720;-1
61;875;790;-1
61;924;760;-1
62;530;256;-1
62;661;920;-1
62;690;852;-1
62;693;838;-1
62;733;934;-1
62;748;397;-1
62;819;106;-1
62;850;818;-1
62;989;866;-1
63;3;782;-1
63;522;407;-1
63;697;719;-1
63;841;40;-1
63;936;727;-1
63;936;794;-1
63;944;818;-1
64;642;328;-1
64;744;966;-1
64;755;375;-1
64;816;913;-1
64;818;84;-1
64;910;812;-1
64;960;763;-1
65;844;822;-1
65;869;932;-1
66;886;922;-1
65;906;711;-1
65;918;914;-1
66;703;278;-1
66;803;933;-1
67;539;397;-1
67;622;957;-1
67;662;325;-1
67;686;314;-1
67;733;942;-1
67;740;316;-1
67;743;344;-1
67;766;780;-1
67;769;350;-1
67;773;300;-1
67;773;847;-1
67;782;894;-1
67;787;916;-1
67;793;900;-1
67;815;806;-1
67;844;905;-1
67;880;769;-1
67;881;925;-1
67;885;886;-1
67;892;929;-1
67;893;766;-1
67;906;789;-1
67;910;792;-1
67;920;847;-1
67;959;842;-1
67;981;775;-1
67;981;849;-1
67;995;744;-1
26;643;30;-1
26;643;30;-1
27;433;9;-1
27;432;9;-1
25;502;10;-1
26;572;61;-1
26;572;60;-1
26;587;35;-1
26;587;34;-1
26;603;59;-1
26;760;58;-1
26;760;59;-1
27;772;113;-1
26;772;113;-1
27;782;160;-1
26;782;161;-1
27;784;82;0
27;784;82;0
28;785;82;0
27;803;101;1
28;803;102;1
26;803;101;1
28;167;154;-1
28;168;154;-1
28;374;117;-1
29;374;118;-1
28;393;33;-1
27;393;32;-1
28;455;376;-1
28;455;376;-1
26;571;68;-1
27;592;139;-1
27;592;138;-1
26;649;78;-1
29;649;79;-1
28;663;450;2
28;663;450;2
28;662;450;2
28;696;126;-1
28;696;125;-1
28;699;275;-1
28;698;275;-1
28;852;84;-1
28;852;84;-1
27;906;41;-1
27;906;42;-1
28;914;175;-1
28;914;176;-1
29;63;124;-1
29;63;124;-1
28;109;54;-1
28;197;97;-1
29;197;98;-1
28;234;82;-1
29;286;265;-1
31;287;266;-1
28;304;378;-1
30;305;379;-1
29;329;232;-1
29;330;232;-1
29;331;396;3
28;331;396;3
30;332;396;3
30;369;630;4
29;368;630;4
31;369;630;4
29;377;270;-1
30;377;270;-1
29;382;340;-1
28;382;339;-1
28;393;139;-1
28;500;291;-1
29;509;38;-1
28;509;38;-1
28;613;311;-1
28;614;311;-1
28;638;40;-1
28;648;308;-1
27;668;220;-1
28;681;408;-1
29;742;319;-1
28;741;320;-1
28;763;181;-1
28;764;181;-1
28;876;240;-1
28;877;240;-1
28;975;47;-1
29;974;47;-1
28;981;61;-1
28;988;147;-1
31;39;157;-1
30;38;157;-1
27;46;103;-1
32;84;112;-1
31;84;111;-1
29;157;119;-1
29;156;119;-1
28;187;100;-1
29;229;254;-1
29;232;203;-1
28;233;46;-1
29;286;514;-1
31;348;82;-1
31;347;82;-1
30;349;84;-1
29;490;435;-1
30;490;436;-1
29;613;534;-1
29;625;83;-1
29;643;84;-1
30;667;144;-1
29;666;143;-1
28;724;483;-1
28;726;330;-1
30;786;179;-1
29;786;178;-1
29;802;85;-1
30;840;325;-1
29;839;324;-1
27;871;248;-1
29;919;697;-1
30;919;697;-1
27;921;315;-1
29;947;83;-1
29;948;83;-1
29;957;632;-1
30;957;632;-1
30;960;244;-1
30;960;244;-1
29;973;87;-1
30;985;387;-1
30;985;388;-1
31;143;521;-1
31;143;521;-1
31;220;340;-1
31;220;340;-1
33;220;342;-1
28;239;321;-1
30;246;224;-1
30;247;112;-1
31;248;113;-1
31;255;380;-1
31;254;381;-1
31;296;219;-1
29;296;218;-1
29;318;404;-1
29;366;2;-1
29;367;44;-1
30;367;209;-1
30;428;500;-1
30;513;706;-1
31;530;843;5
32;530;844;5
32;530;846;5
31;533;305;-1
31;534;305;-1
30;547;567;-1
31;600;247;-1
31;599;247;-1
31;601;92;6
31;601;92;6
31;601;91;6
29;660;99;-1
30;666;407;-1
30;678;230;-1
29;708;558;-1
30;729;704;-1
30;730;703;-1
29;755;124;-1
30;863;361;-1
31;926;258;-1
30;926;257;-1
29;934;400;-1
30;5;7;-1
30;58;188;-1
30;68;751;-1
30;107;486;-1
31;194;148;-1
31;202;500;-1
31;244;258;-1
31;290;575;-1
31;290;576;-1
32;291;36;-1
31;291;36;-1
31;329;162;-1
32;338;605;-1
31;338;604;-1
34;338;605;-1
30;345;644;-1
30;345;493;-1
31;379;365;-1
31;402;95;-1
31;402;95;-1
31;415;817;-1
31;415;817;-1
31;458;48;-1
31;537;288;-1
31;537;288;-1
31;548;507;-1
29;622;541;-1
31;654;623;-1
31;676;831;-1
31;708;707;-1
31;715;792;-1
31;714;792;-1
30;726;733;-1
31;746;122;-1
31;745;123;-1
31;756;118;-1
31;771;499;-1
31;771;500;-1
30;841;449;-1
32;924;294;-1
32;924;294;-1
31;939;260;-1
32;940;260;-1
31;954;259;-1
32;954;259;-1
30;972;313;-1
30;977;547;-1
32;983;873;-1
31;983;872;-1
32;80;185;-1
32;80;184;-1
31;99;670;-1
31;127;728;-1
31;212;288;-1
32;223;383;-1
31;222;383;-1
31;233;79;-1
32;236;504;-1
33;236;504;-1
31;243;913;-1
31;245;221;-1
32;266;472;-1
34;267;471;-1
32;266;560;-1
34;267;561;-1
33;269;759;-1
32;268;759;-1
33;286;601;-1
33;285;600;-1
31;297;378;-1
31;299;476;-1
33;300;476;-1
32;360;355;-1
31;363;610;-1
32;373;227;-1
34;374;227;-1
32;381;310;-1
32;382;310;-1
33;383;406;-1
32;384;405;-1
33;391;911;-1
34;392;912;-1
31;412;478;-1
31;427;463;-1
31;458;388;-1
32;458;387;-1
32;459;895;-1
31;458;896;-1
31;472;765;-1
31;479;767;-1
32;493;959;-1
32;498;430;-1
33;499;430;-1
32;525;840;-1
32;550;280;-1
31;580;258;-1
32;631;437;-1
33;631;437;-1
31;653;212;-1
31;667;412;-1
31;668;450;-1
31;669;262;-1
32;679;929;-1
32;763;763;-1
33;797;207;-1
31;798;207;-1
32;805;448;-1
31;822;374;-1
31;849;409;-1
31;893;188;-1
31;905;710;-1
32;906;898;-1
31;921;81;-1
32;923;465;-1
32;922;465;-1
32;924;452;-1
33;925;452;-1
32;924;674;-1
31;943;319;-1
31;959;386;-1
33;966;495;-1
32;966;495;-1
31;973;118;-1
32;975;412;-1
32;974;413;-1
32;974;583;-1
33;17;803;-1
34;18;803;-1
31;120;506;-1
32;179;77;-1
32;185;514;-1
34;223;289;-1
34;223;289;-1
33;243;718;-1
34;257;864;-1
33;256;864;-1
34;319;594;7
34;319;593;7
34;319;594;7
34;324;200;-1
34;324;200;-1
31;334;268;-1
33;346;211;-1
35;346;212;-1
34;374;130;-1
34;375;129;-1
34;385;394;-1
33;384;394;-1
31;424;17;-1
32;442;94;-1
33;467;120;-1
32;466;119;-1
31;473;641;-1
33;486;857;-1
35;487;857;-1
31;531;728;-1
32;563;443;-1
33;589;950;-1
34;589;950;-1
33;601;633;-1
34;600;633;-1
32;635;628;-1
34;646;497;-1
34;646;496;-1
33;671;879;-1
35;671;880;-1
32;681;643;-1
33;692;460;-1
33;693;460;-1
34;700;122;-1
34;700;122;-1
32;712;370;-1
33;724;273;-1
33;839;823;-1
32;838;822;-1
33;840;903;-1
32;871;617;-1
31;889;699;-1
33;920;600;-1
34;920;601;-1
32;929;800;-1
32;945;917;-1
32;960;579;-1
33;962;128;-1
34;963;158;-1
33;963;158;-1
33;971;176;-1
34;971;177;-1
32;980;152;-1
33;981;152;-1
32;980;431;-1
34;983;125;-1
34;983;124;-1
34;997;332;8
33;997;332;8
35;997;333;8
34;79;721;-1
35;80;720;-1
33;158;702;-1
34;192;525;-1
37;194;524;-1
34;216;297;-1
34;276;647;-1
33;309;773;-1
34;335;825;-1
34;362;574;-1
34;374;514;-1
34;396;851;-1
34;396;850;-1
34;406;493;-1
34;424;271;-1
34;429;117;-1
34;430;118;-1
36;436;45;-1
37;436;46;-1
34;441;309;-1
34;450;431;-1
35;451;431;-1
34;454;439;-1
33;471;418;-1
34;539;58;-1
32;551;309;-1
34;619;765;-1
34;624;283;-1
34;633;644;-1
34;686;288;-1
35;685;288;-1
33;713;496;-1
33;731;731;-1
33;753;761;-1
33;758;707;-1
34;810;862;-1
34;812;230;-1
33;811;230;-1
34;820;357;-1
34;819;358;-1
35;821;219;9
35;821;219;9
36;821;219;9
32;837;520;-1
34;845;73;-1
35;845;73;-1
34;851;73;-1
34;864;391;-1
35;879;357;-1
35;894;585;-1
34;894;584;-1
33;934;962;-1
33;941;776;-1
33;965;212;-1
33;985;439;-1
37;17;664;-1
34;17;664;-1
35;150;850;-1
37;161;124;10
37;162;124;10
37;161;125;10
36;188;723;-1
34;238;366;-1
35;249;964;-1
35;274;736;-1
34;277;661;-1
34;281;82;-1
35;284;920;-1
34;330;635;-1
35;336;947;-1
35;337;625;-1
36;385;819;-1
35;385;818;-1
34;412;825;-1
34;538;493;-1
34;588;755;-1
34;593;186;-1
34;611;297;-1
34;641;541;-1
35;734;505;11
36;735;505;11
35;734;504;11
35;895;825;-1
34;909;467;-1
34;914;296;-1
34;917;837;-1
36;967;386;-1
36;968;386;-1
34;2;303;-1
37;114;116;-1
37;113;116;-1
36;156;680;-1
36;166;942;-1
34;174;542;-1
34;217;548;-1
35;243;272;-1
35;254;374;-1
34;255;733;-1
35;261;695;-1
36;264;895;-1
36;263;895;-1
34;274;461;-1
36;305;627;-1
36;330;965;-1
36;345;554;-1
35;348;604;-1
36;372;790;-1
35;384;321;-1
35;397;286;-1
37;397;798;-1
37;397;799;-1
35;410;615;-1
35;415;270;-1
36;419;871;-1
36;440;72;-1
35;452;865;-1
35;454;881;-1
35;461;874;-1
37;536;782;-1
36;536;783;-1
35;541;54;-1
36;582;19;-1
36;648;353;-1
37;662;43;-1
37;662;42;-1
37;673;30;-1
37;674;30;-1
36;676;954;-1
38;676;954;-1
36;679;412;-1
35;699;569;-1
36;764;704;-1
36;764;703;-1
35;788;472;-1
35;789;160;-1
37;792;259;-1
36;792;260;-1
35;815;82;-1
36;821;880;-1
35;896;273;-1
35;919;193;-1
35;920;642;-1
35;930;316;-1
36;99;677;-1
36;115;478;-1
38;180;867;-1
37;180;867;-1
37;215;93;-1
35;231;86;-1
37;235;363;-1
37;236;363;-1
37;281;652;-1
37;301;947;-1
40;350;612;-1
36;350;610;-1
42;350;613;-1
37;366;315;-1
39;367;316;-1
36;383;578;-1
36;396;50;-1
37;399;886;-1
37;406;567;-1
37;436;430;-1
39;436;431;-1
37;440;637;-1
36;439;637;-1
36;442;879;-1
37;491;862;-1
37;604;294;-1
37;663;835;-1
37;664;834;-1
37;671;406;-1
37;679;108;-1
37;678;109;-1
37;697;109;-1
37;697;110;-1
37;704;462;-1
37;703;462;-1
36;735;917;-1
36;777;474;-1
37;799;117;-1
37;798;118;-1
38;816;226;-1
38;816;227;-1
37;849;467;-1
38;849;467;-1
37;900;257;-1
37;914;200;-1
36;914;198;-1
37;936;231;-1
38;950;92;-1
38;949;93;-1
38;954;218;-1
38;954;218;-1
37;977;204;-1
42;977;203;-1
35;977;840;-1
37;156;830;-1
38;218;932;-1
39;218;932;-1
37;229;517;-1
36;263;280;-1
38;272;819;-1
39;273;468;-1
39;273;468;-1
37;277;408;-1
38;377;327;-1
39;378;327;-1
38;386;945;-1
37;420;20;-1
36;448;844;-1
39;456;415;-1
38;456;416;-1
39;483;777;-1
38;482;776;-1
37;501;857;-1
37;524;65;-1
38;546;867;-1
37;566;504;-1
37;575;92;-1
37;580;613;-1
38;580;612;-1
38;650;927;-1
39;684;1;-1
40;684;1;-1
38;689;602;-1
38;689;603;-1
38;750;691;-1
38;753;230;-1
38;755;497;-1
39;755;498;-1
38;804;862;-1
37;805;862;-1
38;818;211;-1
37;848;283;-1
39;853;258;-1
39;853;258;-1
39;861;320;-1
40;861;320;-1
38;939;82;-1
39;971;11;-1
39;971;10;-1
37;972;448;-1
40;36;944;-1
38;35;945;-1
39;109;645;-1
39;112;561;-1
41;167;528;-1
42;167;529;-1
40;239;806;-1
39;240;806;-1
39;255;544;-1
40;256;544;-1
40;255;572;-1
40;255;571;-1
40;263;543;-1
40;263;544;-1
40;320;440;-1
37;381;361;-1
39;424;826;-1
40;445;624;12
39;444;625;12
41;446;623;12
39;460;416;-1
40;467;849;-1
40;467;849;-1
39;489;794;-1
39;492;871;-1
37;504;616;-1
40;512;57;-1
40;512;57;-1
39;537;511;-1
40;537;512;-1
38;542;815;-1
38;548;873;-1
39;592;823;-1
39;592;822;-1
39;605;719;-1
39;606;718;-1
40;623;625;-1
39;623;625;-1
40;633;96;13
40;634;96;13
40;633;97;13
41;643;491;-1
42;643;492;-1
39;645;493;-1
37;660;80;-1
39;676;834;-1
39;705;395;-1
39;706;394;-1
40;741;121;-1
40;741;121;-1
37;743;79;-1
38;762;780;-1
39;795;669;-1
38;842;278;-1
39;862;289;-1
39;862;290;-1
39;875;298;-1
39;876;298;-1
39;895;649;-1
39;906;701;-1
38;909;683;-1
39;946;300;-1
41;946;299;-1
39;952;237;-1
39;953;237;-1
41;80;743;-1
38;89;923;-1
39;108;157;-1
40;208;115;-1
40;263;272;-1
42;263;273;-1
41;264;926;-1
41;265;926;-1
39;332;170;-1
39;343;608;-1
39;401;590;-1
41;416;4;-1
42;416;4;-1
41;427;611;-1
40;439;862;-1
42;438;863;-1
39;462;798;-1
39;527;358;-1
39;541;786;-1
41;551;31;-1
42;551;32;-1
39;565;785;-1
38;595;305;-1
40;711;426;-1
40;722;550;-1
39;721;549;-1
41;758;713;-1
40;759;714;-1
40;800;907;-1
41;801;266;-1
42;802;267;-1
41;828;325;-1
41;827;325;-1
41;883;244;-1
41;882;244;-1
40;895;778;-1
40;952;891;-1
39;963;313;-1
40;974;417;-1
43;103;114;-1
43;103;114;-1
40;181;949;-1
41;186;883;-1
40;217;925;-1
42;297;555;-1
39;297;554;-1
40;300;5;-1
41;437;50;-1
40;438;50;-1
39;484;411;-1
40;510;588;-1
41;524;839;-1
40;566;929;-1
40;578;843;-1
40;636;161;-1
41;676;496;-1
41;681;626;-1
40;737;622;-1
40;755;770;-1
40;812;938;-1
41;831;335;-1
41;831;336;-1
44;841;517;-1
41;843;516;-1
44;841;517;-1
41;877;266;-1
41;878;266;-1
40;895;285;-1
41;906;941;-1
40;947;17;-1
42;946;16;-1
42;981;12;-1
42;981;13;-1
42;28;679;-1
41;114;795;-1
41;178;705;-1
41;239;712;-1
42;262;368;-1
42;272;261;-1
42;273;261;-1
42;381;340;-1
42;386;599;-1
43;385;600;-1
42;442;612;-1
42;443;612;-1
42;477;45;-1
42;500;452;-1
41;558;584;-1
44;662;75;-1
43;662;75;-1
42;665;381;-1
41;690;500;-1
41;727;65;-1
43;822;535;-1
43;822;536;-1
40;837;828;-1
41;880;328;-1
41;904;842;-1
42;914;457;-1
42;914;458;-1
41;937;258;-1
42;34;726;-1
42;110;125;-1
43;151;682;-1
44;165;79;-1
44;166;80;-1
42;253;344;-1
42;260;805;-1
44;319;627;-1
43;391;397;-1
42;430;665;-1
42;449;396;-1
42;510;443;-1
43;521;402;-1
43;526;817;-1
42;537;28;-1
42;598;179;-1
42;616;732;-1
42;657;80;-1
42;712;744;-1
42;730;114;-1
43;857;365;-1
44;857;364;-1
42;884;606;-1
43;893;281;-1
42;929;259;-1
43;929;260;-1
41;958;128;-1
44;18;933;-1
45;90;161;-1
45;90;162;-1
42;150;99;-1
44;183;552;-1
45;269;289;-1
45;269;289;-1
45;274;722;-1
44;297;379;-1
43;329;641;-1
43;405;742;-1
44;446;469;-1
44;453;444;-1
45;452;444;-1
43;461;608;-1
44;555;521;-1
43;595;267;-1
45;606;0;-1
45;606;0;-1
45;767;178;-1
45;767;179;-1
42;790;801;-1
44;822;816;-1
44;839;680;-1
44;839;680;-1
42;861;362;-1
45;864;80;-1
44;875;232;-1
43;875;233;-1
44;892;203;-1
45;895;193;-1
45;895;194;-1
45;34;699;-1
45;121;118;-1
45;168;830;-1
47;168;831;-1
43;189;80;-1
45;370;526;-1
44;392;818;-1
44;466;401;-1
44;505;183;-1
44;594;940;-1
44;597;715;-1
44;605;286;-1
44;626;333;-1
44;628;269;-1
46;688;522;-1
45;688;521;-1
45;701;630;-1
44;705;421;-1
44;726;389;-1
43;756;773;-1
44;865;352;-1
44;882;315;-1
45;983;397;-1
45;229;935;-1
44;380;612;-1
44;434;387;-1
47;450;471;-1
47;450;471;-1
45;452;607;-1
45;459;467;-1
47;548;888;-1
45;549;887;-1
45;631;856;-1
45;634;632;-1
46;681;120;-1
46;688;611;-1
47;727;314;-1
47;726;315;-1
46;830;478;-1
47;830;478;-1
46;855;917;-1
46;857;435;-1
47;863;299;-1
46;863;299;-1
44;905;285;-1
46;920;910;-1
45;958;323;-1
45;974;857;-1
45;980;435;-1
46;265;614;-1
47;289;697;-1
47;290;697;-1
47;296;497;-1
46;422;816;-1
47;437;107;-1
48;436;107;-1
47;480;379;-1
45;587;238;-1
47;605;825;-1
47;644;94;-1
47;679;950;-1
46;703;472;-1
46;728;557;-1
48;735;539;-1
47;736;539;-1
47;738;510;-1
47;739;511;-1
47;752;737;-1
47;824;528;-1
47;849;64;-1
47;872;288;-1
46;921;781;-1
47;994;324;-1
46;993;324;-1
48;72;866;-1
47;289;494;-1
48;293;501;-1
48;292;501;-1
48;429;417;-1
49;456;127;-1
47;456;128;-1
47;540;796;-1
49;545;77;-1
50;544;78;-1
47;639;9;-1
48;696;909;-1
48;714;644;-1
47;786;893;-1
47;868;922;-1
48;889;909;-1
46;920;839;-1
47;924;841;-1
47;925;781;-1
48;968;313;-1
49;463;256;-1
48;493;39;-1
48;494;38;-1
48;535;869;-1
48;559;784;-1
49;640;346;-1
47;656;539;-1
49;661;34;-1
48;661;35;-1
49;706;894;-1
48;850;537;-1
50;915;323;-1
48;915;323;-1
47;932;648;-1
49;231;668;-1
50;371;348;-1
52;369;347;-1
49;454;136;-1
50;546;175;-1
50;546;176;-1
49;555;870;-1
50;573;187;-1
49;573;932;-1
49;579;616;-1
50;592;628;-1
50;618;5;-1
52;618;5;-1
50;661;875;-1
51;664;628;-1
51;664;628;-1
50;679;892;-1
50;722;958;-1
50;750;184;-1
50;758;155;-1
50;758;155;-1
51;811;380;-1
50;897;717;-1
49;902;943;-1
49;974;383;-1
53;357;339;-1
50;358;339;-1
52;360;359;-1
52;360;358;-1
50;438;244;-1
52;468;563;-1
50;469;562;-1
52;496;412;-1
50;496;411;-1
51;514;110;-1
50;540;357;-1
50;675;497;-1
50;675;620;-1
50;686;378;-1
51;696;553;-1
51;770;613;-1
51;771;613;-1
50;847;636;-1
51;853;60;-1
53;854;60;-1
50;857;388;-1
50;909;329;-1
50;929;656;-1
50;146;82;-1
51;456;408;-1
50;523;551;-1
52;524;945;-1
51;531;310;-1
52;557;80;-1
52;647;859;-1
53;663;554;-1
53;663;554;-1
53;682;436;-1
52;682;437;-1
57;683;434;-1
53;780;655;-1
53;780;656;-1
53;789;337;-1
53;789;336;-1
52;878;469;-1
52;928;697;-1
53;928;696;-1
52;935;727;-1
54;365;352;-1
53;478;343;-1
55;478;343;-1
53;567;295;-1
52;598;868;-1
52;697;563;-1
52;770;188;-1
58;785;105;-1
54;786;103;-1
58;785;106;-1
55;18;713;-1
58;19;713;-1
53;471;356;-1
53;496;288;-1
54;533;493;-1
54;532;494;-1
53;678;396;-1
55;720;751;-1
54;721;751;-1
54;729;622;-1
53;739;173;-1
55;784;613;-1
54;810;666;-1
55;834;53;-1
56;835;52;-1
54;878;356;-1
54;887;941;-1
54;387;308;-1
54;472;413;-1
56;497;458;-1
56;496;459;-1
54;766;667;-1
54;782;249;-1
56;880;927;-1
56;879;928;-1
55;880;366;-1
55;893;928;-1
55;927;756;-1
53;942;890;-1
55;306;852;-1
55;348;487;-1
56;504;389;-1
58;657;206;-1
57;656;206;-1
55;663;179;-1
57;732;176;-1
58;731;177;-1
54;744;674;-1
56;745;459;-1
56;866;395;-1
57;471;279;-1
58;470;280;-1
56;478;243;-1
56;481;278;-1
59;522;309;14
58;521;309;14
59;522;308;14
58;691;415;-1
58;737;298;-1
58;738;298;-1
57;870;539;-1
56;396;227;-1
58;533;137;-1
59;574;62;-1
58;575;62;-1
58;632;838;-1
56;650;204;-1
60;767;718;15
59;767;718;15
60;766;719;15
58;788;385;-1
58;816;688;-1
58;815;687;-1
58;847;694;-1
61;847;693;-1
57;876;21;-1
58;98;828;-1
58;128;859;-1
59;458;417;-1
58;610;337;-1
58;617;858;-1
58;660;491;-1
59;718;267;-1
59;798;58;-1
59;801;387;-1
59;827;898;-1
59;846;54;-1
60;856;40;-1
60;978;544;-1
58;978;545;-1
59;597;64;-1
60;600;73;-1
59;645;926;-1
61;749;782;-1
59;750;781;-1
60;759;356;-1
59;835;96;-1
59;885;735;-1
60;591;49;-1
61;756;720;-1
60;841;703;-1
60;939;364;-1
61;513;456;-1
64;514;455;-1
61;671;433;-1
62;857;825;-1
63;922;718;-1
63;543;399;-1
63;543;400;-1
61;689;882;-1
63;944;715;-1
61;996;869;-1
65;547;384;-1
63;741;382;-1
64;938;714;-1
63;950;722;-1
65;756;310;-1
64;858;796;-1
67;572;411;-1
67;573;411;-1
65;862;961;-1
66;983;444;-1
66;727;882;-1
66;995;724;-1
67;808;853;-1
67;869;762;-1
